Name,Project,Type,Duration (in seconds),Pauses (in seconds),Duration (in minutes),Pauses (in minutes),Start date,End date,Notes
"","#Trabajo",fullFocus,3316.810218811035,0.0,55.28017031351725,0.0,2025-07-22 15:02:41,2025-07-22 15:57:57,"TRACKE TEC CL PÚBLICO

RECISIÓN PROCESO DE DATOS

https://www.figma.com/board/8jXOC91BMT4dWGLSgfCjRW/Sin-t%C3%ADtulo?node-id=1-231&t=klQc8PbO2VHHrKGz-1",,
"","#Trabajo",partialFocus,1773.2372970581055,0.0,29.553954950968425,0.0,2025-07-22 13:43:40,2025-07-22 14:13:13,"https://chatgpt.com/share/687ef132-2760-8012-b65e-b36a0108f1dchttps://soporteim.atlassian.net/jira/software/projects/ESP/boards/701?selectedIssue=ESP-121",,
"","#Trabajo",fullFocus,57011.189514160156,0.0,950.1864919026692,0.0,2025-07-21 17:22:41,2025-07-22 09:12:52,"investigación AFP - SEPRACIÓN SI",,
"","#Trabajo",endEarly,4465.531169176102,0.0,74.42551948626836,0.0,2025-07-21 16:08:09,2025-07-21 17:22:35,"BD AFP SPERACIÓN TN NUEVO PERFIL CON SURA INVESTMENTS
- en curso",,
"","#Trabajo",endEarly,3339.9916710853577,0.0,55.66652785142263,0.0,2025-07-21 15:12:19,2025-07-21 16:07:59,"- REVISIÓN HU PÚBLICA

CONTINUAR CON LANDING VALOR CUOTA

https://soporteim.atlassian.net/browse/ESP-64
EN CURSO",,
"","#Personal",partialFocus,15112.839184999466,0.0,251.88065308332443,0.0,2025-07-21 11:00:00,2025-07-21 15:11:53,"FUERA DE LA OFICINA

- SELF RADAR CAFÉ RATIO 
- Matecito con Vale - > DPN Lastarria :3 - side trance + dibujo psicodélico - con Prerrol 

- 15- paz. - me prestó al instante 


+ calendarízar asado con PAZ , compartir con camila",,
"","#Personal",partialFocus,10104.883822917938,0.0,168.41473038196563,0.0,2025-07-17 11:09:29,2025-07-17 13:57:54,"",,
"","#Trabajo",fullFocus,2234.7184619903564,0.0,37.24530769983927,0.0,2025-07-15 15:04:26,2025-07-15 15:41:40,"Daily track técnico

Revisión HU Parametrización MENU PUBLICO CL.

snippet se controla en duro para administración de columnas, categorís, entradas y links del MENU.",,
"","#Trabajo",partialFocus,3611.0,0.0,60.18333333333333,0.0,2025-07-15 12:30:35,2025-07-15 13:30:46,"Revisión amquetas MANDATO AFP 

+ REFINAMIENTO COM MA
Actualiación de mandato AFP ⁠

Claudio

 

Antonio

 

Betanzo

 

Sanhueza

 se dejaron los cambios post reu con 

Maria

 

De

 

Los

 

Angeles

 

Ortega

 

De

 

Solminihac

, ⁠

Raul

 

Luna

 

Diaz

  y el equipo TI.



Hay por definir, el proceso de firma SURA Cliente con Esteban, los que se definió es que la sección MIS MANDATOS tuviera opción de revocar mandatos ( vigentes ) 





Se acordó de todas formas avanzar las iteraciones durante el sprint, me reservé horas semanales para diseño y qa ( no tenemos recursos asociados",,
"","#Trabajo",partialFocus,1538.5980198383331,0.0,25.643300330638887,0.0,2025-07-15 11:18:20,2025-07-15 11:43:59,"",,
"","#Trabajo",partialFocus,4310.184823989868,0.0,71.83641373316446,0.0,2025-07-15 10:03:59,2025-07-15 11:15:50,"CL - DAILY CONTENIDO NUEVO 


Revisión HU asignadas a mi 

Con Emma - >

Valor cuota vs Retabilidad de fondos


https://servicios.it.surainvestments.com/jira/software/projects/ESP/boards/701?jql=assignee%20%3D%20712020%3A6f0cdd61-2657-46a1-8635-32290a16a862&selectedIssue=ESP-10


Validado , asignado a  Alfredo para pasar a QA


https://servicios.it.surainvestments.com/browse/ESP-49

Asignada a Nicolás para corrección de img.

https://servicios.it.surainvestments.com/browse/ESP-36

Asignada a Nicolás para revisar en Daily

https://servicios.it.surainvestments.com/browse/ESP-50


Asignada Alfredo para QA",,
"","#Trabajo",partialFocus,5135.157190799713,0.0,85.58595317999522,0.0,2025-07-14 17:22:16,2025-07-14 18:47:51,"REFINAMIENTO UI UX 

PASO 1 2 3 MANDATO AFP",,
"","#Trabajo",fullFocus,1974.6117179393768,0.0,32.91019529898961,0.0,2025-07-14 17:00:50,2025-07-14 17:33:45,"",,
"","#Personal",rest,702.5696029663086,0.0,11.709493382771809,0.0,2025-07-14 16:49:04,2025-07-14 17:00:47,"",,
"","#Trabajo",fullFocus,4382.226948261261,0.0,73.03711580435434,0.0,2025-07-14 15:35:57,2025-07-14 16:49:00,"CL - ASESOR Y CLIENTE - Refinamiento YX UI FLUJO MANDATO AFP


archivo https://www.figma.com/design/2sqtmuruoylv9y2cQXZ1Ag/Asesor-%C2%B7-Onboarding--Mandato-AFP?node-id=19380-16447&t=28D2UdES6GumuuRY-1
 
prototipo interactivo
 
https://www.figma.com/proto/2sqtmuruoylv9y2cQXZ1Ag/Asesor-%C2%B7-Onboarding--Mandato-AFP?page-id=1010%3A2716&node-id=19305-899&viewport=324%2C490%2C0.02&t=pbqCkmJfK65Ni6Qq-1&scaling=scale-down&content-scaling=fixed&starting-point-node-id=19305%3A899&show-proto-sidebar=1
 
si alcanzar a ver esto antes de la reu xD Maria De Los Angeles Ortega De Solminihac y Dalia Judith Pineda Rodriguez si le quieres echar un ojo",,
"","#Trabajo",partialFocus,5720.859525918961,0.0,95.34765876531601,0.0,2025-07-14 14:00:30,2025-07-14 15:35:51,"Espacio de conversación ameno.

-pude presentar mi idea de visibilidad y respeto, escuchar a otras personas, con ciertos matices.

-> Se busca tangibilizar en el día a día, los valores de esucha, conversación, conexión.+

ACT. Kahoot

ACT ROOM - 9 CON ELSY y Carlos",,
"","#Trabajo",partialFocus,46718.835013866425,0.0,778.647250231107,0.0,2025-07-14 10:01:41,2025-07-14 23:00:20,"MX - Product Vision Board - Workshop Sesión 1 



(Me hubiera gustado participar de la ideación del research, dado que es mi especialidad)

Realizamos actividad queda pendiente 2 putno, vamos a reagendar.",,
"","#Trabajo",partialFocus,841.2958130836487,0.0,14.021596884727478,0.0,2025-07-14 09:00:19,2025-07-14 09:14:20,"Daiily Fábrica CL

Revisión HU",,
"Cerrar QA CHAT ADVISOR","#Trabajo",partialFocus,10623.155205965042,0.0,177.05258676608403,0.0,2025-07-11 12:33:55,2025-07-11 15:30:58,"REVISIÓN HU



HU - Gráfico aprobado para paso a prod 
Revisión landing streaming


Priorización de HU Emma con Alfredo.

Próximo diseño de footer priorizado-",,
"Cerrar QA CHAT ADVISOR","#Trabajo",fullFocus,2920.871775150299,0.0,48.68119625250498,0.0,2025-07-11 11:01:21,2025-07-11 11:50:02,"Daily co creación 

Refianmeinto componente ui ppaso 2 mandato afp 

+ revisión HU euqipo extendido",,
"Refinameinto mandato AFP OB - en analsisi CMA","#Trabajo",fullFocus,11523.855206012726,0.0,192.06425343354542,0.0,2025-07-09 15:40:10,2025-07-09 18:52:14,"Refinamineot OB - MANDO AFP - UX UI 

Paso 3 Perfil inversionista 

preguntas resueltas.


Prototipo desktop lilsto.",,
"Refinameinto mandato AFP OB - en analsisi CMA","#Trabajo",fullFocus,3261.575819015503,0.0,54.359596983591715,0.0,2025-07-09 14:17:04,2025-07-09 15:11:26,"CL - ASESOR - DISEÑO UX UI - MANDATO AFP

Refinameinto componentes step 1 + diseño de wireflow  + diseño ininteracciones de prototipo desktop 

+ documentación de CMA Fujos + Páginas + Modicacón nav asesor",,
"Refinameinto mandato AFP OB - en analsisi CMA","#Trabajo",partialFocus,3196.541949033737,0.0,53.27569915056229,0.0,2025-07-09 12:00:02,2025-07-09 12:53:19,"Dialy CL Público 


HU. EN REVISIÓN  LOGIN REVISAR CON EMMA

+ DISÑEÑO HU  PRIORIUZADO PARA MAÑANA

+ DISEÑAR VARIABLE LANDING STREAMING CON EMMA , COOMING SOON",,
"Refinameinto mandato AFP OB - en analsisi CMA","#Trabajo",fullFocus,4025.7082948684692,0.0,67.09513824780782,0.0,2025-07-09 11:04:06,2025-07-09 12:11:11,"Daily co creación 


+ HU MANDATO AFP

+ revisiones d eequipo y coordinación vacaciones",,
"Refinamiento Landing streaming - mobile","#Trabajo",fullFocus,3812.0075821876526,0.0,63.53345970312754,0.0,2025-07-09 10:00:14,2025-07-09 11:03:47,"Daily co coreación 

implementación - quienes somos wm - cl  con Emma y Dani

+ Agregar HU Revisión IMG Páginas interiores de CL


+ Refinamiento UX UI HU MANDATO AFP

continuar con pasos desktop",,
"Refinamiento Landing streaming - mobile","#Trabajo",partialFocus,1142.0,0.0,19.033333333333335,0.0,2025-07-08 16:09:47,2025-07-08 16:28:49,"https://soporteim.atlassian.net/browse/ESP-39",,
"","#Trabajo",partialFocus,2041.347953081131,0.0,34.022465884685516,0.0,2025-07-08 15:31:02,2025-07-08 16:05:03,"CL - PÚBLICO - REU COORDINACIÓN TEC - UX QA DEV  

priorización de HU 

+ refinamiento NAV MOBILE PÚBLICO",,
"","#Trabajo",fullFocus,1807.3027889728546,0.0,30.121713149547578,0.0,2025-07-08 12:30:02,2025-07-08 13:00:09,"CL - PÚBLICO - REFINAMIENTO UX UI - LANDING STREAMING


https://www.figma.com/design/VG2OqZT7GDqTAJtA895gwO/Landing-Streaming-SI---Widget-Transversal?node-id=1010-2716&t=NHpINtjuppYbAW79-1

pROTOTIPO

https://www.figma.com/proto/VG2OqZT7GDqTAJtA895gwO/Landing-Streaming-SI---Widget-Transversal?page-id=1010%3A2716&node-id=15302-7102&viewport=-1567%2C851%2C0.47&t=ghNYD9FhCmn2KGOp-1&scaling=scale-down&content-scaling=fixed&starting-point-node-id=15302%3A7102",,
"","#Trabajo",fullFocus,3627.2098059654236,0.0,60.453496766090396,0.0,2025-07-08 11:03:21,2025-07-08 12:03:48,"DAILY CO COREACIÓN - ED

Revisión flujo mandato AFP

Review retro aliemntación de nuevo sistema rq con mx - aversión al cambio y malas práctcias detectadas.


- NUEVO RQ -

Landing -> ob mandato refinamiento",,
"","#Personal",rest,576.9993760585785,0.0,9.616656267642975,0.0,2025-07-08 10:51:44,2025-07-08 11:01:21,"",,
"","#Trabajo",fullFocus,1046.863024711609,0.0,17.447717078526814,0.0,2025-07-08 10:34:13,2025-07-08 10:51:40,"CL - LANDING WP - PÚBLICO 

https://soporteim.atlassian.net/browse/ESP-13

Con observaciones asiganada a Omar

+ Refinamiento MANDATO AFP con Ma",,
"","#Trabajo",partialFocus,3340.662755012512,0.0,55.67771258354187,0.0,2025-07-08 09:26:51,2025-07-08 10:22:31,"Design Check

Llamada con emma

+ priorización de taereas
+refinamiento de documentación archivo fotografía sitios

+m traspaso de conocimiento tratamiento de fotos y banco de fotografías a Emma


+ CL - PÚBLICO - QA UXUI - En revisión

https://soporteim.atlassian.net/browse/ESP-13

En revisión",,
"","#Trabajo",fullFocus,2580.0,0.0,43.0,0.0,2025-07-08 08:43:00,2025-07-08 09:26:00,"design check",,
"refinamiento mandatio","#Trabajo",partialFocus,6780.0,0.0,113.0,0.0,2025-07-07 17:08:00,2025-07-07 19:01:00,"",,
"","#Trabajo",fullFocus,4518.395637989044,0.0,75.30659396648407,0.0,2025-07-07 15:30:16,2025-07-07 16:45:34,"disñeo ux ui 

asesor 

MANDATO AFP DESKTOP 

SOLO FALTA TABLA HISTORIAL VS HU",,
"siseño mandato","#Trabajo",partialFocus,10560.0,0.0,176.0,0.0,2025-07-07 11:04:00,2025-07-07 14:00:00,"",,
"","#Trabajo",endEarly,4680.0,0.0,78.0,0.0,2025-07-07 08:38:00,2025-07-07 09:56:00,"",,
"","#Trabajo",partialFocus,7130.762552022934,0.0,118.84604253371556,0.0,2025-07-02 14:01:02,2025-07-02 15:59:53,"CAPACITACION OV

RK CL",,
"","#Trabajo",fullFocus,694.2774353027344,0.0,11.571290588378906,0.0,2025-07-02 12:39:11,2025-07-02 12:50:45,"Daily CL Público 

- Revisión HU DEVS 
- Revisión con Omar agendada para el día
- Revisión HU Gráfica de fondos",,
"","#Trabajo",partialFocus,1703.209310054779,0.0,28.386821834246316,0.0,2025-07-02 12:10:44,2025-07-02 12:39:07,"REVISIÓN HU VINCULACIONES - CON MANU

Revisión flujo 


caso error - peso de archivos sobrepasa cap de correos.

Componente Sidebar - Agregar Funcionalidad Comentarios.


CMA

ID de vinculación en tabla
ID vinculación en el formulario
Buscador por ID
En resumen mostrar el ID
Confirmación de cambio de estado
Botón inciar revisión
Editar/Modificar el estado
Botón guardar/Enviar acción
Comentarios
Nuevo estado de Revisión vinculación: morado para los asesores
Ventana lateral poder los comentarios",,
"CONTINUAR CDF","#Trabajo",fullFocus,3520.9387838840485,0.0,58.68231306473414,0.0,2025-07-02 11:02:20,2025-07-02 12:01:01,"REVISIÓN HU - MANDATO AFP

-> PRIORIZACIÓN 

revisar con Ma",,
"CONTINUAR CDF","#Trabajo",fullFocus,3561.6724820137024,0.0,59.36120803356171,0.0,2025-07-02 10:02:49,2025-07-02 11:02:11,"DAILY CONTENIDDOS CL 

Refinamiento UI  
https://soporteim.atlassian.net/browse/ESP-39

Montar home CON ED > Traspaso de conocimiento de Emma a resto del equipo de estrategia digital 


+ Revisión HU - > EMMA + ASÍGNACIÓN JIRA",,
"CONTINUAR CDF","#Trabajo",fullFocus,667.8580470085144,0.0,11.130967450141906,0.0,2025-07-01 17:07:48,2025-07-01 17:18:56,"https://soporteim.atlassian.net/browse/ESP-50

Diseño y documentación.

Asignada a análisis a Ma,para comprobar que el widget sea el adecuado.",,
"CONTINUAR CDF","#Trabajo",fullFocus,1593.2414348125458,0.0,26.55402391354243,0.0,2025-07-01 12:56:42,2025-07-01 13:23:16,"CL - PÚBLICO - DISEÑO UX UI 

https://soporteim.atlassian.net/browse/ESP-50

en Diseño y análisis.


Enm auditoria  kit ui por compoenntes de gráficos que apliquen a sitio mx - encuentro que no existe el componente por parte de Modyo, y existen diferencias con el kit iu de ilógica.


Se diseño una variable de tooltip con task risk, no tengo el componente original ( en las referencias) -> analizar con Ma y Emma.",,
"CONTINUAR CDF","#Trabajo",fullFocus,474.8646650314331,0.0,7.914411083857218,0.0,2025-07-01 12:41:12,2025-07-01 12:49:06,"CL - PÚBLICO - UX UI QA 

https://soporteim.atlassian.net/browse/
ESP-10

Asignada a Nicolás, con persistencia en errores de estilos.",,
"CONTINUAR CDF","#Trabajo",partialFocus,3488.0189962387085,0.0,58.13364993731181,0.0,2025-07-01 11:03:42,2025-07-01 12:01:50,"DAILY CO COCREACIÓN

Alieanción equipo 
status de proyectos ED
revisión flujos de trabajos intenrnos de soporte aplicaciones 
y flujo de soporte  web

+ desarollos asociados.

+ Crear Proyecto de Valor DEI",,
"CONTINUAR CDF","#Trabajo",fullFocus,712.8266348838806,0.0,11.880443914731343,0.0,2025-06-30 17:10:48,2025-06-30 17:22:41,"CL - PRIVADO - UX UI - CDF

Refinamiento detalle comprobante ajustado, documentado y entregado a Dev y PO",,
"CONTINUAR CDF","#Trabajo",partialFocus,1889.3960890769958,0.0,31.48993481794993,0.0,2025-06-30 16:13:30,2025-06-30 16:44:59,"REVISIÓN CDF - HAND OFF


REVISIÓNui hand of  especificaciones ui app 
check",,
"CONTINUAR CDF","#Trabajo",partialFocus,5052.073193073273,0.0,84.20121988455455,0.0,2025-06-27 12:34:45,2025-06-27 13:58:57,"Daily Sitio Público CL

Priorización tareas próxima semana.
+ HU En revisión para Lunes / Martes


+ QA Form Sotp incidencia api servicios + prueba de formularios.",,
"CONTINUAR CDF","#Trabajo",partialFocus,1105.8093690872192,0.0,18.430156151453655,0.0,2025-06-27 10:02:18,2025-06-27 10:20:44,"",,
"CONTINUAR CDF","#Trabajo",partialFocus,1688.9539470672607,0.0,28.149232451121012,0.0,2025-06-27 09:00:25,2025-06-27 09:28:34,"",,
"CONTINUAR CDF","#Trabajo",partialFocus,474.7087469100952,0.0,7.911812448501587,0.0,2025-06-25 12:31:42,2025-06-25 12:39:37,"Daily Team 

- HU en Revisión asiganada a mi, revisar.
- Hu asiganda a Omar - nav cl
- HU Revisón de Nicolás - integración en continuidad.",,
"CONTINUAR CDF","#Trabajo",partialFocus,3372.128287792206,0.0,56.2021381298701,0.0,2025-06-25 11:05:39,2025-06-25 12:01:51,"",,
"CONTINUAR CDF","#Trabajo",partialFocus,2423.88668012619,0.0,40.398111335436504,0.0,2025-06-25 10:05:10,2025-06-25 10:45:34,"",,
"CONTINUAR CDF","#Trabajo",partialFocus,1830.5783159732819,0.0,30.509638599554698,0.0,2025-06-25 08:57:08,2025-06-25 09:27:39,"iteración rescate

falta definición texto para maqueta por parte de raúl y carlos, detalle sura pass.

Duplicidad de correos

+ resolver 3 reincidencias de 5",,
"","#Trabajo",fullFocus,3604.833869934082,0.0,60.08056449890137,0.0,2025-06-24 12:32:29,2025-06-24 13:32:34,"NOTAS - ITERACIÓN 2 CHATBOT

Felipe y Ro.

- Corrección nuevo chat.+
- encuesta solo queda en interacció con chat.

- dar vuelta IF en modal de encuesta.

resto de checklist de Felipe ok,


3 puntos en revisión UI Coordinar Reu con Gus.",,
"ED - REU CON MODYO","#Trabajo",fullFocus,1100.0,0.0,18.333333333333332,0.0,2025-06-24 12:00:57,2025-06-24 12:19:17,"Revisión Cotización Figma, Modyo

->  Iteración sobre alcance del requerimiento.

Acuerdo prox reu.  revisión y estimación técnica de homolgación variables y estilos kiti uis ilógica y modyo vs, desarrollo. Foco en administración de tokens componentizados y administrables via Widget CMS. ( no implica lo desarrollado ni diseñado post entrega )",,
"CONTINUAR CDF","#Personal",rest,1808.3275508880615,0.0,30.138792514801025,0.0,2025-06-24 11:41:48,2025-06-24 12:11:57,"",,
"CONTINUAR CDF","#Trabajo",fullFocus,2122.763832092285,0.0,35.37939720153808,0.0,2025-06-24 11:06:08,2025-06-24 11:41:30,"DAILY CO COREACIÓN

PPT WP CO -> Corregir WP Métricas USO SURA ASESOR , Dani.

Revisión HU-> Con Claudio 

https://soporteim.atlassian.net/browse/ESP-49


HU TABLA FONDO DE INVERSIONES .



homologar a table  resumen



https://inversiones.sura.cl/Inversiones/Paginas/fondos-de-inversion-no-rescatables.aspx


table detalle 
https://inversiones.sura.cl/Inversiones/Paginas/fondo-inmobiliario-documentos.aspx",,
"CONTINUAR CDF","#Trabajo",endEarly,3373.142222881317,0.0,56.21903704802195,0.0,2025-06-24 10:04:30,2025-06-24 11:00:43,"SE REVISO HU 

https://soporteim.atlassian.net/browse/NCES-4185

PO No aplica UX.


+ 

Diseño CDF ASESOR. pausado",,
"Cerrar QA CHAT ADVISOR","#Trabajo",partialFocus,2134.0,0.0,35.56666666666667,0.0,2025-06-24 09:18:07,2025-06-24 09:53:41,"Revisión hecha

https://soporteim.atlassian.net/browse/NCES-4122?focusedCommentId=782761&page=com.atlassian.jira.plugin.system.issuetabpanels%3Acomment-tabpanel&action=REPLY_TO_COMMENT#comment-782761",,
"Cerrar QA CHAT ADVISOR","#Trabajo",fullFocus,900.0,0.0,15.0,0.0,2025-06-24 08:59:02,2025-06-24 09:14:02,"Plannign SP 54


1-Cerrando sprint 53

-revisar chat advisor QA (ro)
- CIERRE rescate ( incidencia filipo)
- falta HU yasna  (raúl subirá con DEI)  https://soporteim.atlassian.net/browse/NCES-4185 
-cierre de sprint


2-Plannign SP 54 ( el mismo día de inicio del sprint )

Foco del sprint

-CDF (diseño en curso fecha entrega 26 ) -> tampoco hubieramos mostrado maquetas (  buena práctica ) 



-Estructuración Mostrar docuemtnación en asesor ( pendiente de Eduardo)",,
"","#Trabajo",partialFocus,2199.085788965225,0.0,36.65142981608709,0.0,2025-06-23 17:34:49,2025-06-23 18:11:28,"Análisis Presupeusto Modyo KIT UI

+ Diseño UX UI 

+ Gestión del tiempo de proyectos CL",,
"","#Personal",rest,1099.4037070274353,0.0,18.323395117123923,0.0,2025-06-23 17:16:24,2025-06-23 17:34:44,"",,
"","#Trabajo",partialFocus,612.1763319969177,2417.0,10.202938866615295,40.28333333333333,2025-06-23 15:06:06,2025-06-23 15:56:35,"",,
"","#Trabajo",fullFocus,8128.2705078125,0.0,135.47117513020834,0.0,2025-06-23 15:00:34,2025-06-23 17:16:03,"FORO LOCAL 

+ Diseño UX UI CDF  - ASESOR - CLIENTE SURA PASS


Diseño flujo UX 

Revisión DEI

+ CREACIÓN HU 

https://soporteim.atlassian.net/browse/ESP-49",,
"","#Trabajo",fullFocus,2359.596796989441,0.0,39.32661328315735,0.0,2025-06-23 10:03:09,2025-06-23 10:42:29,"Daily co creación —<

Entrega de HU - DISEÑO UX UI - NAV WIDGET CL


https://www.figma.com/design/GGaPgcg12pmlW2TCJufl1t/Widget-Nav-Sitio-P%C3%BAblico?node-id=311-11143&t=gs1eCAps9z1vhwcA-1

+ Priorización de tareas


QA UX UI - SITIO PÚBLICOS - CL 

https://soporteim.atlassian.net/browse/ESP-11

Corregido, asigando a Emma para pasar a QA

https://soporteim.atlassian.net/browse/ESP-9


Validado en mobile -> asignada a emma para revisión


https://soporteim.atlassian.net/browse/ESP-25

Validado -> asignada a Emma para revisión en CMS



https://soporteim.atlassian.net/browse/ESP-18

Validado, asginado a Alfredo para QA


https://soporteim.atlassian.net/browse/ESP-24

Validado en desktop y mobile

asginada a emma para corregir CMS.",,
"","#Trabajo",partialFocus,840.0,0.0,14.0,0.0,2025-06-23 09:02:00,2025-06-23 09:16:00,"Daily CL TEAM FABRICA",,
"","#Trabajo",fullFocus,844.367742061615,0.0,14.072795701026916,0.0,2025-06-19 16:29:16,2025-06-19 16:43:20,"CL - PÚBLICO - QA UX UI - Revisión con Omar OBSERVACIOENS

Revisión CALENDARIO APORTES + TABLE mobile


+ REVISIÓN DE DUDAS CON ESP 13 - NAV MOBILE.",,
"","#Trabajo",partialFocus,1689.3675680160522,0.0,28.15612613360087,0.0,2025-06-19 16:01:01,2025-06-19 16:29:11,"HITO  0 - Revisión DEI 

Notas de la reunión

Falta agregar el flujo al DEI
El objetivo es poder identificar la marca de la cedula si está activa o si está pendiente.

De momento no se requieren maquetas. ( HITO CONFIRMADO POR DANIELLA CON RAÚL)",,
"","#Trabajo",partialFocus,3436.4312558174133,0.0,57.273854263623555,0.0,2025-06-19 15:03:38,2025-06-19 16:00:55,"Refinamiento ui -  Nav cl 


- propuesta C -> llevar a 3 columnas y entregar a validación con Ma.



+ Refinamiento Landing Streaming",,
"","#Trabajo",fullFocus,7217.481127977371,0.0,120.29135213295619,0.0,2025-06-19 12:00:11,2025-06-19 14:00:28,"CL - PUBLICO - QA UX UI 

1 - https://soporteim.atlassian.net/browse/ESP-17


Observaciones corregidas, validado en JIRA y asignada a Emma para pasar a QA.



2 -https://soporteim.atlassian.net/browse/ESP-19

Revisión mobile y desktop ok

asiganda a Emma para validar administración vía CMS modyo.

3- https://soporteim.atlassian.net/browse/ESP-26

Validado en Desktop  - Mobile 

Asignada a Alfredo para pasar a QA

4 - https://soporteim.atlassian.net/browse/ESP-15

Validado en desktop

Asignada a Alfredo para pasar a QA.


5- https://soporteim.atlassian.net/browse/ESP-10


Error periste, observaciones documentadas en figma.

Asignado Nicolás a en curso.

6-",,
"","#Personal",rest,1377.1972727775574,0.0,22.953287879625957,0.0,2025-06-19 10:37:08,2025-06-19 11:00:05,"",,
"","#Trabajo",fullFocus,2484.908064842224,0.0,41.41513441403707,0.0,2025-06-19 09:55:39,2025-06-19 10:37:04,"CL - SITIOS PUBLICOS - UX UI REFINAMIENTO

WIDGET NAV - CL PROPUESTA A Y B DOCUMETNADAS Y PASADO A EN ANLAISIS DE ALFREDO.

+ refinamiento intracciones.",,
"","#Trabajo",partialFocus,1685.8469400405884,298.0,28.097449000676473,4.966666666666667,2025-06-19 09:13:27,2025-06-19 09:46:31,"Daily team cl 


levanté segunda vez no acceso ac liente desde asesor qa - > Raúl y Edu se llevan el punto levantado por Daniella para habilitar permisos a mi perfil.

Agendé QA Revisión CHAT BOT ADVISOR",,
"","#Trabajo",partialFocus,1010.4489722251892,0.0,16.840816203753153,0.0,2025-06-18 16:32:23,2025-06-18 16:49:14,"QA CHAT ADIVOSR LOCAL CON GUS


- CORRECCIÓN TOOLTIP
- CORRECCIÓN TAMÑO LABEL NUEVO CHAT  (BTN) -> levantar kit ui asesor vs chat, detalle.

Mejorar kit ui asesor 

link anchor a yello kit ui - url . cambio de estilo.

y azul en resumen chat sidebar.",,
"","#Trabajo",partialFocus,1465.4805960655212,0.0,24.42467660109202,0.0,2025-06-18 16:05:50,2025-06-18 16:30:15,"NAV - Refinamiento UI",,
"","#Trabajo",endEarly,3871.361490011215,0.0,64.52269150018692,0.0,2025-06-18 15:00:40,2025-06-18 16:05:11,"Dayly sitio chile track tec",,
"","#Trabajo",partialFocus,1549.5554168224335,0.0,25.825923613707225,0.0,2025-06-18 13:19:57,2025-06-18 13:45:46,"REFINAMIENTO NAV LANDING

+


CL QA

https://soporteim.atlassian.net/browse/ESP-17

observaciones documentadas a OMAR",,
"","#Trabajo",partialFocus,2543.4500539302826,0.0,42.39083423217138,0.0,2025-06-18 12:36:13,2025-06-18 13:18:37,"Daily CL

Revisión Comentarios QA 

+ Revisíon HU de diseño y dev",,
"","#Trabajo",partialFocus,3914.277186870575,0.0,65.23795311450958,0.0,2025-06-18 11:30:37,2025-06-18 12:35:52,"CARD SORTING + PROPUESTA DISEÑO OPEN NAV


NAV CHILE

Propuesta A y B listas para desktoop



+ 

1 A 1 Con claudio, bien evaluado en general.",,
"","#Trabajo",partialFocus,4671.35355591774,0.0,77.855892598629,0.0,2025-06-18 10:12:41,2025-06-18 11:30:33,"Revisión Landing Streaming + HU Jira con Emma + Requerimiento NAV prioirizado.


+ Reflexiones 1 a 1",,
"","#Trabajo",fullFocus,3484.5249729156494,0.0,58.07541621526082,0.0,2025-06-18 09:14:28,2025-06-18 10:12:33,"CL - QA UX UI SITIOS PÚBLICO 

ESP-28 Material Comercial WP/Pershing - Activos Alternativos

Observaciones documnentadas y compartidas para Emma y Omar.

+

https://soporteim.atlassian.net/browse/ESP-18

observaciobes documebtada",,
"","#Trabajo",fullFocus,3081.366777896881,0.0,51.35611296494802,0.0,2025-06-17 16:07:10,2025-06-17 16:58:32,"Protoipo desktop 


landing streaming con formularios variables",,
"CL - SP - Landing Streamign","#Trabajo",fullFocus,5040.0,0.0,84.0,0.0,2025-06-17 14:01:00,2025-06-17 15:25:00,"Diseño prototipo desktop. para validación Equipo UX",,
"","#Trabajo",fullFocus,5431.754600048065,0.0,90.52924333413442,0.0,2025-06-17 11:12:19,2025-06-17 12:42:50,"Daily co creación

Diseño flujo de usuario con casos de uso y CMA",,
"","#Trabajo",partialFocus,3606.1230750083923,0.0,60.10205125013987,0.0,2025-06-17 10:11:52,2025-06-17 11:11:58,"DAILY CO CREACIÓN 

Ideación - table  detalle de fondos.

-> segumienti reunión creación plantillas",,
"","#Trabajo",fullFocus,2282.9373450279236,0.0,38.048955750465396,0.0,2025-06-17 09:33:40,2025-06-17 10:11:43,"CL - SITIP PRVIADO - FLUJO CLIENTE RESCATE Iteracion parte 1



mostrar mensaje a cliente 
Duplicidad de rescate (31 segundos del primer rescate)
Falta modal - usted no tiene saldo - ( EN CASO DE IDENTIFICAR ) no se puede por optimus.
Error en producción - se permiten autorizar retiros parciales. ( el cilente no se puede ir - el asesor si)  - SE CONTROLA MEDIANTE CRON

Task	Assigned to	Due date	Bucket
Revisión factibilidad confirmación rescate en ulitmos 5 minutos duplicado	Jose Montero		To do
Controlar error mediante CRON	Jose Montero		To do
mejorar texto modal autorización cargando - dar más contexto de espera -	Rodrigo Ignacio Gaete Gaona		To do",,
"","#Trabajo",partialFocus,1953.5353708267212,0.0,32.55892284711202,0.0,2025-06-17 09:01:03,2025-06-17 09:33:37,"HITO 0 INGRESO DE  ORDENES",,
"","#Personal",rest,226.31896877288818,0.0,3.7719828128814696,0.0,2025-06-17 08:57:14,2025-06-17 09:01:00,"",,
"","#Trabajo",partialFocus,1612.9577250480652,0.0,26.882628750801086,0.0,2025-06-17 08:30:18,2025-06-17 08:57:11,"Design Check


revisión y organización de pendientes",,
"","#Trabajo",fullFocus,1375.934692144394,0.0,22.932244869073234,0.0,2025-06-16 09:02:04,2025-06-16 09:25:00,"revisión con TEAM CL 

Chat advisor.",,
"","#Personal",rest,35.67382597923279,0.0,0.5945637663205464,0.0,2025-06-13 13:17:31,2025-06-13 13:18:06,"",,
"","#Trabajo",partialFocus,2770.9380490779877,0.0,46.182300817966464,0.0,2025-06-13 12:31:17,2025-06-13 13:17:27,"Daily 

revisión prototipo login. - corregido  se solicitaron casos para hU 

revisión correo Daniella - cité a reu a Ma y Raúl, + solicité 1 a 1 con Claudio",,
"","#Trabajo",partialFocus,1855.7457559108734,0.0,30.92909593184789,0.0,2025-06-13 12:00:10,2025-06-13 12:31:06,"CL . SITIOS PUBLICOS QA ux ui

Revisión con observaciones 

https://soporteim.atlassian.net/browse/ESP-25?linkSource=email",,
"","#Trabajo",partialFocus,5580.0,0.0,93.0,0.0,2025-06-13 09:13:00,2025-06-13 10:46:00,"",,
"","#Trabajo",partialFocus,840.0,0.0,14.0,0.0,2025-06-12 18:27:51,2025-06-12 18:41:51,"Correo Daniella, iniciativa pedida de maquetas",,
"","#Trabajo",fullFocus,32257.00122308731,0.0,537.6166870514552,0.0,2025-06-12 09:30:13,2025-06-12 18:27:50,"Día de ofcina",,
"diselo ui `qaç","#Trabajo",partialFocus,1560.0,0.0,26.0,0.0,2025-06-11 16:59:00,2025-06-11 17:25:00,"",,
"","#Personal",rest,807.180596113205,0.0,13.453009935220082,0.0,2025-06-11 16:37:57,2025-06-11 16:51:24,"",,
"","#Trabajo",partialFocus,2586.225075006485,0.0,43.10375125010808,0.0,2025-06-11 15:54:48,2025-06-11 16:37:54,"Diseño CL HU Sitios Públicos",,
"","#Personal",rest,644.0506827831268,0.0,10.734178046385447,0.0,2025-06-11 15:02:05,2025-06-11 15:12:49,"",,
"","#Trabajo",partialFocus,1844.104406118393,0.0,30.73507343530655,0.0,2025-06-11 14:31:18,2025-06-11 15:02:03,"Revisión aplicación de estilos

revisión clase del button -> BTN ✅
Reunión con MOdyo 

Revisión tipografía -> card próximos eventos

Revisión Nav home -> Modificar.

Entreganle kit ui y traspaso -> reunión en coordinación entre Alfredo y Maura para revisar este traaspaso.",,
"","#Trabajo",partialFocus,10024.0,0.0,167.06666666666666,0.0,2025-06-11 10:59:23,2025-06-11 13:46:27,"Capacitación + QA  + MOBILE CL STIOS PÚBLICOS",,
"","#Trabajo",partialFocus,90.62489700317383,0.0,1.5104149500528972,0.0,2025-06-11 10:31:27,2025-06-11 10:32:58,"se mueve reu por licencia de Gustavo",,
"","#Personal",rest,283.6868100166321,0.0,4.7281135002772015,0.0,2025-06-11 10:26:38,2025-06-11 10:31:22,"",,
"","#Trabajo",partialFocus,1541.3030650615692,0.0,25.68838441769282,0.0,2025-06-11 10:00:53,2025-06-11 10:26:34,"Rebvisión compontes

hay fallos en creación de tamaños de inconos, estilos de colores en charts, fatlta de componentes.

Hay que hacer un chequeo acuicioso.",,
"","#Trabajo",partialFocus,2929.1344130039215,0.0,48.81890688339869,0.0,2025-06-10 17:00:03,2025-06-10 17:48:53,"diSEÑO COMPONEN NAV WP CL",,
"","#Trabajo",partialFocus,2144.6056928634644,0.0,35.74342821439107,0.0,2025-06-10 16:21:24,2025-06-10 16:57:08,"QA CL SITIOS PÚBLICOS",,
"","#Trabajo",partialFocus,4857.0306668281555,0.0,80.95051111380259,0.0,2025-06-10 14:59:12,2025-06-10 16:20:09,"modyo expert

TRACK TEC

Revisión Figma 

Conseguimos el KIT UI CON BOOTSTRAP CON MODYO ( no lo habían entregado ) 

para Cliente TAILGWIND",,
"","#Personal",rest,1618.3053121566772,0.0,26.971755202611288,0.0,2025-06-10 14:31:39,2025-06-10 14:58:37,"",,
"","#Trabajo",partialFocus,1554.0577397346497,0.0,25.90096232891083,0.0,2025-06-10 14:05:42,2025-06-10 14:31:36,"Revisión y documentación bservaciones DEI compra y venta Equity
- compartir al equipo CL",,
"","#Trabajo",partialFocus,87.735023021698,0.0,1.4622503836949667,0.0,2025-06-09 22:54:02,2025-06-09 22:55:29,"dasdsadsad",,
"","#Trabajo",partialFocus,1828.9727029800415,0.0,30.482878383000692,0.0,2025-06-09 09:16:29,2025-06-09 09:46:58,"Emma

Intranet WP CL  revisar excw",,
"","#Personal",rest,1183.041476726532,0.0,19.7173579454422,0.0,2025-06-03 16:00:17,2025-06-03 16:20:00,"",,
"","#Trabajo",fullFocus,2524.654458999634,0.0,42.07757431666057,0.0,2025-06-03 15:18:08,2025-06-03 16:00:13,"Revisión Creación Variables Sitios Públicos - Widget.

CMA 

Repstar estilos globales, tokens y DOD sistema de diseño.

se propuso hAND OFF DE DISEÑO",,
"","#Trabajo",partialFocus,1331.0060169696808,0.0,22.183433616161345,0.0,2025-06-03 12:56:21,2025-06-03 13:18:32,"",,
"","#Personal",rest,697.2465109825134,0.0,11.620775183041891,0.0,2025-06-03 12:44:43,2025-06-03 12:56:21,"",,
"","#Trabajo",fullFocus,1097.4454720020294,0.0,18.290757866700492,0.0,2025-06-03 12:26:21,2025-06-03 12:44:38,"Diseñanding 

Documentación + prototipado de HU - Georeferenciación

https://soporteim.atlassian.net/browse/ESP-16?focusedCommentId=772854&page=com.atlassian.jira.plugin.system.issuetabpanels%3Acomment-tabpanel#comment-772854",,
"","#Personal",rest,1525.0045170783997,0.0,25.416741951306662,0.0,2025-06-03 12:00:56,2025-06-03 12:26:21,"",,
"","#Trabajo",fullFocus,745.8386509418488,0.0,12.430644182364146,0.0,2025-06-03 11:48:24,2025-06-03 12:00:50,"Refinamiento UI - GEOREFERENCIACIÓN SITIOS PÚBLICOS CL



+ Revisión lógica Autorización PERÚ",,
"","#Trabajo",partialFocus,3371.194538831711,0.0,56.18657564719518,0.0,2025-06-03 10:06:50,2025-06-03 11:03:01,"revisión flujo georeferenciación",,
"SURA","#Trabajo",fullFocus,1362.4886569976807,0.0,22.70814428329468,0.0,2025-06-03 09:02:35,2025-06-03 09:25:18,"Planning Evolutivo 

No hay HU para iniciar el sprint Edu no las termino a nivel técnico)

Módulo FX - Liberación 16 Junio

Reu de prueba - correccioens del viernes se prueban ahí.
-Problemas con Log
- Sin cambios UI - UX ( PO - PM )



No se continua con Kubernet ( migración ) - Líder técnico de Célula.

No se puede pasar Chat Advisor ni Rescate 

Eliecer apoyo - ETL - API - BD 

Gustavo -> Apoyo API - MVP Salida AFP.",,
"ADP","Mentoria",fullFocus,1859.6880090236664,0.0,30.99480015039444,0.0,2025-05-16 15:02:28,2025-05-16 15:33:28,"Desafíos


Diseño de productos 
Graduada hace 3 meses

Muy en investigaciones desde la empatía.

UX research ( expereniencia hace cuanto [PASANTIAS - 2014] Qué otras herramientas has usado ? ) -> pasantía.

Usas -> Usabilidad, Card Sorting, tree jack. ( análisis de datos) entrevistas. 


Trabajo -> no ha sido fructifera la búsqueda

tenemos objetivos laborales a corto , mediano plazo 

Puesto de trabajo soñado, procesos que me intnresa


Preguntas :

porque hago esto .

TAREAS :

Propuesta de trabajo.",,
"","#Trabajo",partialFocus,2312.6884009838104,0.0,38.544806683063506,0.0,2025-05-05 16:26:33,2025-05-05 17:05:05,"",,
"","#Trabajo",fullFocus,1280.6582720279694,0.0,21.34430453379949,0.0,2025-05-05 15:36:50,2025-05-05 15:58:11,"Refinameinto IMG 

MX IM",,
"","#Trabajo",partialFocus,3543.74880194664,0.0,59.062480032444,0.0,2025-05-05 10:00:57,2025-05-05 11:00:01,"DEV - MX - IM 


Landing aseguradoras

Refinada

https://www.surainvestments.com/dev-mx/investment-management/soluciones-para-institucionales/aseguradoras",,
"","#Trabajo",fullFocus,1721.5707960128784,0.0,28.69284660021464,0.0,2025-05-04 10:54:53,2025-05-04 11:23:35,"Diseño de actvidades

https://wall.sli.do/event/hFfw3TcUuYMt2Mcn76DDSW/?section=33201053-e6f0-49f7-ad93-df0ccc3f4cba",,
"","#Trabajo",fullFocus,649.544527053833,51937.0,10.825742117563884,865.6166666666667,2025-04-30 17:31:14,2025-05-01 08:07:40,"",,
"SURA","#Trabajo",endEarly,10988.242275953293,0.0,183.13737126588822,0.0,2025-04-30 14:12:36,2025-04-30 17:15:44,"MX - RK -  Documentación hallazgos

Informe en figma 

https://www.figma.com/proto/Jhf9wlNk9SvOBa2cYgT7uR/Informes-SURA-Chile?page-id=0%3A1&node-id=2239-13&viewport=-1397%2C1267%2C0.12&t=yLksPrHiwW4KkqDY-1&scaling=contain&content-scaling=fixed&starting-point-node-id=2239%3A13&show-proto-sidebar=1",,
"","#Personal",rest,6121.449197053909,0.0,102.02415328423182,0.0,2025-04-30 12:30:32,2025-04-30 14:12:34,"RECUEPRAR HORA ANTERIOR",,
"","#Trabajo",endEarly,3615.54363822937,0.0,60.25906063715617,0.0,2025-04-30 11:30:11,2025-04-30 12:30:27,"NADAAAA RECUEPRARA!!!!",,
"","#Trabajo",fullFocus,1352.2114989757538,0.0,22.536858316262563,0.0,2025-04-30 11:07:32,2025-04-30 11:30:04,"Daily co creación


refinamiento y docuemtnaciójn de propuesta de RK ACTVIDAD",,
"","#Trabajo",partialFocus,2684.503660917282,0.0,44.7417276819547,0.0,2025-04-30 10:22:28,2025-04-30 11:07:12,"DAILY CO CREACIÓN CONTENIDSO MX 

En refinamiento 

https://www.surainvestments.com/dev-mx/investment-management/soluciones-para-institucionales/aseguradoras

Se reportó incidencia a Claudio",,
"","#Trabajo",endEarly,4695.778880119324,0.0,78.26298133532207,0.0,2025-04-30 09:03:02,2025-04-30 10:21:18,"",,
"SURA","#Trabajo",fullFocus,1684.6534111499786,0.0,28.077556852499644,0.0,2025-04-29 14:48:31,2025-04-29 15:16:36,"UX ANALYTICS - CHAT BOT SURA ADVOSR

avance análisis, falta terminar.

https://www.figma.com/design/Jhf9wlNk9SvOBa2cYgT7uR/Informes-SURA-Chile?node-id=2234-44&t=yp8LjVHr7BpofYY9-1",,
"SURA","#Trabajo",fullFocus,4269.659503936768,0.0,71.16099173227946,0.0,2025-04-29 11:34:35,2025-04-29 12:45:45,"actividad rk con equio ED

CONTEXTO :

Agenda
Pln edstabilización RK

Meeting notes
9 iniciativas
Levantamiento Gonzalo Falcones ->¿ por qué scandia está tan bien?
Por qué no hacemos algo que haga nuestras plataformas así de bien
Equipo CAE - soporte empresa
Equipo RK - operaciones congif core y producto
RH -> Alienada a las variables de
Colaboradores (user) -> plan pensión c / skandia  -> hicimos benchamark de guerrilla
A nivel de OV - es idem a lo existente y no ofrece ventajas comparativas ni tecnológicas, tampoco a UX.
Ma -> Plantea la necesidad de encontrar los dolores del viaje del usuario en su amplio espectro.
Medimos el awerness -> vía intranet, info relacionada a los beneficios (Plan de pensiones), nunca activó credenciales, hasta ayer con intraent para Recuperar clave.
La brecha de expectativas, es desde el incio.
Balance Benchmark -> Skandia es inferior comparativamente.
Alcance de comunicaciones a los colaboradores.
Alejandro -> 2 FOCOS , cada 3 meses hay comunicaciones sobre beneficios y un sharepoint con info. Bien en tanto AI y Contenidos.
Follow-up tasks
Task
Assigned to
Due date
Bucket
Encontrar hallazgos
To do



+


Documentación Hallazgos dolores viaje usuario en RK   diseño próxima sesión final de hallazgos.



https://www.figma.com/board/vYCa7OfiMo3Nrp0XvawwFa/Matri-trabajo-Dolores-RKKP?node-id=2-6544&t=Vjt2pJihPrnJUhXe-1",,
"","#Trabajo",fullFocus,1706.9901599884033,0.0,28.449835999806723,0.0,2025-04-29 11:05:52,2025-04-29 11:34:19,"Daily co creación 


Refinamiento actividad RKKP con equipo.

Temas transversales yd ecsiones a largo plazo.",,
"SURA","#Personal",rest,870.063364982605,0.0,14.501056083043416,0.0,2025-04-28 16:17:31,2025-04-28 16:32:01,"",,
"SURA","#Trabajo",fullFocus,1021.765408039093,0.0,17.029423467318217,0.0,2025-04-28 16:00:23,2025-04-28 16:17:25,"Revisión con Raúl sobre UI  y avances de Gus En mejoras BOT SURA ADIVSOR.


[Se deja en constancia la reiteración de alas y que el color no es el permitido por Manual de marca, en ese sentido pido respetar la deifnición ( equivocada o no ) sobre el diseño conversado con area de diseño]

se aclaraon además dudas del front mobile con Gus y Raúl.",,
"","#Trabajo",partialFocus,1909.9294028282166,0.0,31.83215671380361,0.0,2025-04-28 15:30:41,2025-04-28 16:02:31,"Refinamiento UI Chatbot 

- Revisar comentarios Gus

- se mostraron interacciones de LIKED y HOVER, explicando comportamientos mobile y desktop, verificando que HU tenga los CA correctos ( a nivel general, pero falta realemten crear C.A ) esto es porque no ahy coordianción interna",,
"","#Personal",rest,1195.029088973999,0.0,19.917151482899985,0.0,2025-04-28 09:15:38,2025-04-28 09:35:33,"",,
"","#Trabajo",partialFocus,702.5346028804779,0.0,11.708910048007965,0.0,2025-04-28 09:02:54,2025-04-28 09:14:37,"tareas 

reviusión chat bot con gus y raul",,
"ADL","#Trabajo",fullFocus,3311.6252250671387,0.0,55.193753751118976,0.0,2025-04-27 13:07:19,2025-04-27 14:02:30,"PREP CLASES UI G68 CLASE 2

Interfaces responsivas 

[Tareas]


Datos sobre usos de dispositivos en Chile y cómo desde el diseño de productos ( ux - ui - product /service designers ) podemos cruzar el uso de datos ( data driven ) en los proceso de diseño más allá del design thinking agregando valor al negocio.

-> Realizado en figma de la G68

+ 

[ Conceptos básicos sobre FIGMA UI]

Recomendaciones

[ Sobre el Desafío ]

Clarificar dudas en Figma",,
"","#Trabajo",partialFocus,2930.048187017441,0.0,48.83413645029068,0.0,2025-04-23 16:26:15,2025-04-23 17:15:05,"En Home CS 

Refinado

Widget Asesoría y Relacionamiento

https://www.surainvestments.com/dev-mx/corporate-solutions


En landing Tesorería 


corregir foto ?


https://www.surainvestments.com/dev-mx/corporate-solutions/productos-de-inversion/fondos-de-inversion/fondos-de-inversion-para-tesoreria-y-liquidez


En Landings:

Fondo de Ahorro
Tesorería 
Plan de Pensiones
Caja de Ahorro

Se aplicó definición IMG del widget transversal cw - Banner fondos de inversión  (negro)",,
"","#Trabajo",fullFocus,2251.223547935486,0.0,37.52039246559143,0.0,2025-04-22 15:50:17,2025-04-22 16:27:48,"Landing fondos inversión fondo ahorro 


CON STOPPER y HU ASOCIADA



https://www.surainvestments.com/dev-mx/corporate-solutions/productos-de-inversion/fondos-de-inversion/fondos-de-inversion-para-fondos-de-ahorro

-> HALLAZGOS : MODIFICAR sección cards ( no pasa UI UX)


Landing MANDATOS


Refinada 

https://www.surainvestments.com/dev-mx/corporate-solutions/productos-de-inversion/mandatos

+ Daily CO Perú

seguimiento tareas con Pauli para categorizar mejoras a evolutivo.",,
"","#Personal",rest,1203.960855960846,0.0,20.0660142660141,0.0,2025-04-22 15:30:06,2025-04-22 15:50:10,"",,
"","#Trabajo",fullFocus,5450.303250074387,0.0,90.83838750123978,0.0,2025-04-22 13:59:11,2025-04-22 15:30:02,"Landing plan de pensiones 


Refinada

https://www.surainvestments.com/dev-mx/corporate-solutions/soluciones-de-inversion/plan-de-pensiones

Landing tesorería

Refinada

https://www.surainvestments.com/dev-mx/corporate-solutions/soluciones-de-inversion/tesoreria-y-liquidez


Landing Productos de inversión

refinada 

https://www.surainvestments.com/dev-mx/corporate-solutions/productos-de-inversion


+  diseño fotografías


Landing rendimiento de fondos 

en refinamiento ( DEPENDE DE IM)

https://www.surainvestments.com/dev-mx/investment-management/rendimiento-fondos



Landing  fondos de inversión 

refinada

+ refinamienito CS foto/entrada - Mandatos - Soluciones de inversión


https://www.surainvestments.com/dev-mx/corporate-solutions/productos-de-inversion/fondos-de-inversion



Landing  fondos-de-inversion-para-fondos-de-ahorro

en refinamiento 

https://www.surainvestments.com/dev-mx/corporate-solutions/productos-de-inversion/fondos-de-inversion/fondos-de-inversion-para-fondos-de-ahorro",,
"","#Trabajo",partialFocus,9179.156699895859,0.0,152.9859449982643,0.0,2025-04-22 11:13:38,2025-04-22 13:46:37,"Landing tus colaboradores 

Refinada
https://www.surainvestments.com/dev-mx/corporate-solutions/asesoria-y-relacionamiento/para-tus-colaboradores


Landing tu empresa

Refinada + mejores prácticas de documentación en CM - MODYO 

https://www.surainvestments.com/dev-mx/corporate-solutions/asesoria-y-relacionamiento/para-tu-empresa

+ Creación HU EVOLUTIVO [https://modyohq.atlassian.net/browse/SURA-740]



+ Refinamientos contenidos en narrativa coherente - continuar documentación y refinamientos landings.


Landing Asesoría y relacionamiento 


Refinada 

https://www.surainvestments.com/dev-mx/corporate-solutions/asesoria-y-relacionamiento

+ retoque fotografía


Landing  Fondo de ahorro 

refinada

+ Definición widget asesoría y refinamiento 

https://www.surainvestments.com/dev-mx/corporate-solutions/soluciones-de-inversion/fondo-de-ahorro




Landing  caja  de ahorro 

+ definición widget bullet list beneficios colaborades

Refinada
https://www.surainvestments.com/dev-mx/corporate-solutions/soluciones-de-inversion/caja-de-ahorro",,
"","#Trabajo",fullFocus,1507.0682120323181,0.0,25.117803533871967,0.0,2025-04-22 10:48:16,2025-04-22 11:13:23,"MX  WIDGET 

CS -Asesoría y relacionamient - Para tu Empresa 


https://www.surainvestments.com/dev-mx/corporate-solutions/asesoria-y-
relacionamiento/para-tu-empresa

+ 3 que se wubieron al chat de la daily. co creación",,
"","#Personal",rest,1464.6768651008606,0.0,24.411281085014345,0.0,2025-04-22 09:39:24,2025-04-22 10:03:49,"",,
"","#Trabajo",partialFocus,1996.5462548732758,0.0,33.2757709145546,0.0,2025-04-22 09:05:07,2025-04-22 09:38:23,"Planning fabrica CL

SP 50

Falta agregar HU para Alfredo - > Pendiente Raúl , tienen reu hoy por plantilla.

También falta HU Hazte cliente -> Pendiente 

En RÍA ->  hay Stopper por parte de Andrea.

HU Content Manager -> Eli, avanzando

GUS -> No estaba invitado a la reu, se reunirá con Edu a ver el front del chat advisor

José - HU SURA PASS las apis funcionan, viendo detalles finales para entrega.  Queda -> “no mucho” se reunirán con Edu para cerrar. ( falta agregar puntos carry over) 

Noé -> avananzando, termina esta semana.


HU FX -> Falta correo de transacciones por validar con Raúl.",,
"ADL","#Trabajo",fullFocus,8129.740738153458,0.0,135.4956789692243,0.0,2025-04-21 18:53:53,2025-04-21 21:09:23,"Clase 1 - DISEÑO UI G68

revisión de ppt 

+ ejercicios 

+ ej., ia c/ figma

+ ej. publicar archivo en figma community

+ resolución dudas

+ dinámicas",,
"","#Trabajo",partialFocus,3493.250851869583,0.0,58.22084753115972,0.0,2025-04-17 10:07:33,2025-04-17 11:05:47,"Daily Co creación

HU Creada

https://modyohq.atlassian.net/browse/SURA-739

Revisión JIRA Modyo + Revisión con ED tareas Magariño",,
"","#Trabajo",partialFocus,3610.8062880039215,0.0,60.18010480006536,0.0,2025-04-16 15:36:43,2025-04-16 16:36:53,"",,
"","#Trabajo",fullFocus,4761.49560880661,0.0,79.35826014677683,0.0,2025-04-16 11:00:28,2025-04-16 12:19:49,"https://www.surainvestments.com/dev-mx/invierte-asesorado/soluciones/inversion-pro/estrategias-pro/estrategia-pro-liquidez

HOME CS

https://www.surainvestments.com/dev-mx/corporate-solutions

refinado",,
"","#Trabajo",partialFocus,2147.0830211639404,0.0,35.784717019399004,0.0,2025-04-15 15:02:44,2025-04-15 15:38:32,"",,
"","#Trabajo",partialFocus,1533.2113919258118,4809.0,25.55352319876353,80.15,2025-04-15 13:16:59,2025-04-15 15:02:41,"Propuesta diseño para Dal",,
"","#Trabajo",partialFocus,3306.3720650672913,0.0,55.10620108445485,0.0,2025-04-15 11:10:31,2025-04-15 12:05:38,"",,
"SURA","#Trabajo",endEarly,3352.894962787628,0.0,55.88158271312714,0.0,2025-04-14 10:11:47,2025-04-14 11:07:40,"OBSERVACIONES SURA A MODYO

HU NUEVAS

- 


HU FINALIZADAS 
- 

HU QA - 

https://modyohq.atlassian.net/browse/SURA-732?focusedCommentId=168602&page=com.atlassian.jira.plugin.system.issuetabpanels%3Acomment-tabpanel#comment-168602

Se reporto incidencia.



DAILY CO COREACIÓN MX

https://www.surainvestments.com/admin/content/spaces/mx-componentes-generales/entries/11e9e614-52f4-4a20-9cfb-c0f1f1cfb0d5?target_locale=es

listo",,
"","#Trabajo",partialFocus,1353.7314057350159,4.0,22.5621900955836,0.06666666666666667,2025-04-09 13:39:20,2025-04-09 14:01:57,"Diseño diámica Checkpoint UX",,
"","#Trabajo",partialFocus,878.2706820964813,2.0,14.637844701608023,0.03333333333333333,2025-04-09 11:30:31,2025-04-09 11:45:11,"revisión contenidos mx",,
"SURA","#Trabajo",fullFocus,3842.9560492038727,0.0,64.04926748673121,0.0,2025-04-09 10:00:03,2025-04-09 11:04:05,"Daily Contenido MX 

Landingin Sucesión

HUs a Modyo + contestar iteraciones

Revisión cone quipo de CS -> Priorirzar CS img",,
"","#Trabajo",partialFocus,11502.288148880005,0.0,191.70480248133342,0.0,2025-04-08 14:06:40,2025-04-08 17:18:22,"étr",,
"SURA","#Trabajo",endEarly,3904.7124869823456,0.0,65.07854144970575,0.0,2025-04-08 11:29:21,2025-04-08 12:34:26,"QA MX MODYO

Se creó una HU",,
"","#Trabajo",partialFocus,1042.0,56558.0,17.366666666666667,942.6333333333333,2025-04-07 12:01:50,2025-04-08 04:01:50,"QA MX MODYO 

+ FORO EXTRAORIDNARIO 


Landing Asesoría Experta

Widget transversal “Asesoría experta para cada propósito”

BTN a gestión bursatil


==================================
⚠️ Session was longer than 16 hours. Session normalized the duration to 16 hours.
Original session duration: 23h 27min
Original start date: 2025 April 07, 12:01
Original end date: 2025 April 08, 11:29",,
"SURA","#Trabajo",endEarly,4869.806601047516,2.0,81.16344335079194,0.03333333333333333,2025-04-07 10:24:01,2025-04-07 11:45:13,"MX QA MODYO

Landing Aumentar patrimonio

retoque foto 

design check",,
"","#Trabajo",partialFocus,1564.9518568515778,4.0,26.082530947526298,0.06666666666666667,2025-04-04 11:16:30,2025-04-04 11:42:39,"daily co creación",,
"","#Trabajo",partialFocus,7482.892738103867,0.0,124.71487896839777,0.0,2025-04-03 12:56:50,2025-04-03 15:01:33,"esos disclaimer que agregaron tiene que si o si ir dentro de las cards?
Screenshot 2025-04-03 at 12.52.21 PM.png
 
Definición Widget Transversal Allianz
 
https://www.surainvestments.com/qa-mx/invierte-asesorado/gestion-patrimonial/sucesion
Inicia sesión en Sitios Publicos SuraInvestments - Sitios Publicos SuraInvestments
sura
Screenshot 2025-04-03 at 12.55.05 PM.png
 
Landing Sucesión
 
Refinado 
 
https://www.surainvestments.com/qa-mx/invierte-asesorado/gestion-patrimonial/sucesion
Inicia sesión en Sitios Publicos SuraInvestments - Sitios Publicos SuraInvestments
sura",,
"","#Trabajo",fullFocus,1908.3539590835571,0.0,31.805899318059286,0.0,2025-04-03 12:13:20,2025-04-03 12:45:08,"qa modyo con arturo y emma

+ qa modyo mx 

+ revisión hu + excel
 

+ solicité acceso a Arthur para analytics",,
"","#Trabajo",partialFocus,530.3912320137024,2.0,8.839853866895039,0.03333333333333333,2025-04-03 12:04:17,2025-04-03 12:13:09,"daily contenidos",,
"","#Trabajo",partialFocus,4170.870293855667,0.0,69.51450489759445,0.0,2025-04-03 10:03:12,2025-04-03 11:12:43,"Listas 

https://www.surainvestments.com/qa-mx/invierte-asesorado/gestion-patrimonial

Revisión 

.d-none

https://www.surainvestments.com/dev-mx/investment-management/rendimiento-fondos/surasia-bd

+ Retoque fotografía landing sucesión + widget allianz",,
"","#Trabajo",partialFocus,5633.521697044373,0.0,93.89202828407288,0.0,2025-04-02 16:53:05,2025-04-02 18:26:59,"Listos

https://www.surainvestments.com/dev-mx/invierte-asesorado/fondos
https://www.surainvestments.com/qa-mx/invierte-asesorado/gestion-patrimonial/patrimonio-internacional
https://www.surainvestments.com/qa-mx/invierte-asesorado/gestion-patrimonial


Consultas 
WM - Gestion Patrimonial - Crosslink ( hay que cambiar esto?)
https://www.surainvestments.com/qa-mx/invierte-asesorado/fondos/fondos-pro se quitó tabla?


HUs
Se valídó una correción
Se creó una HU evolutiva",,
"","#Personal",rest,304.14699816703796,0.0,5.0691166361172995,0.0,2025-04-02 16:10:27,2025-04-02 16:15:31,"",,
"","#Trabajo",partialFocus,4033.7092809677124,0.0,67.22848801612854,0.0,2025-04-02 15:03:10,2025-04-02 16:10:24,"",,
"","#Trabajo",partialFocus,5685.708074092865,0.0,94.76180123488108,0.0,2025-04-01 15:00:54,2025-04-01 16:35:40,"",,
"","#Trabajo",partialFocus,8154.773160934448,0.0,135.91288601557414,0.0,2025-04-01 12:19:21,2025-04-01 14:35:16,"CHAT BOT 

iteración con Noé",,
"","#Trabajo",partialFocus,6910.673888921738,0.0,115.17789814869563,0.0,2025-04-01 10:24:06,2025-04-01 12:19:16,"refinamineto qa mx",,
"","#Trabajo",partialFocus,3464.5673038959503,0.0,57.74278839826584,0.0,2025-04-01 09:25:45,2025-04-01 10:23:29,"anoté en la plannign de hoy

Agenda
Revisión HU Sprint 49

Notas de la reunión
No requiere front de cara usuarios
El envió de correo es transparente para el cliente
para el asesor se aprueba y por debajo gatilla correo 
Revisión figma con equipo dev (resolver dudas)
Se avisó sobre riesgo detectado y bloqueado por el sitio. No quedó priorizado pese a gesiones.

Tareas de seguimiento
https://surainvestmentsla-my.sharepoint.com/:fl:/r/personal/rodrigo_gaete_surainvestments_com/Documents/Meetings/Planning%20F%C3%A1brica%20Evolutiva%202025-04-01.loop?d=wc6fe614df26644adae3d1e7894c50391&csf=1&web=1&nav=cz0lMkZwZXJzb25hbCUyRnJvZHJpZ29fZ2FldGVfc3VyYWludmVzdG1lbnRzX2NvbSZkPWIhTmpTLWdua1lwVTZMNVFUQU5oNTNEZVdjSXpMb3QzdFBnbmdpWlRIVGhrSDNvNzdTWFIwVVRxV3Uta3VfSFIyTCZmPTAxVjdBNVhRMk5NSDdNTVpYU1ZWQ0s0UEk2UENLTUtBNFImYz0lMkYxOGZjMjNjZC1kNTY0LTRmMGItOTY3Yy02OGQzMGU2NzVlMjkmZmx1aWQ9MSZhPVRlYW1zJnA9JTQwZmx1aWR4JTJGbG9vcC1wYWdlLWNvbnRhaW5lcg%3D%3D",,
"","#Trabajo",partialFocus,1798.7807149887085,0.0,29.97967858314514,0.0,2025-03-31 12:31:12,2025-03-31 13:01:10,"Trabajo con claudio
tareas imágenes
hacer ahora
+",,
"SURA","#Personal",rest,779.7107701301575,0.0,12.995179502169291,0.0,2025-03-31 11:46:53,2025-03-31 11:59:53,"",,
"SURA","#Trabajo",fullFocus,5161.247061252594,0.0,86.0207843542099,0.0,2025-03-31 10:20:48,2025-03-31 11:46:49,"Daily Co Creación MX

QA MX JIRA MODYO -> revisión historias + creación de HU

Falta revisar nombre de ARQUITECTURA ABIERTA + IMG

Fatla revisar widget transversal  - asesoría experta y porque elegir beneficio biscaner (grou cards )

Cree HU Navegación QA GLOBAL  Y MX",,
"","#Trabajo",fullFocus,1629.0,2.0,27.15,0.03333333333333333,2025-03-28 12:23:10,2025-03-28 12:50:21,"qa ux modyo mx


refinamienito landing inversión pro check




Revisión qa team cl
-> falta hacer qa y ver mejoras en producción


MEJORAS

DEBERÍAMOS TENER WIDGET TRANSVERSA “ Soluciones de Inversión PRO”


HAY QUE CREAR UNAE STRATEGIA DE CONSTRUUCC IÓN DE QIDGETS TRAnsvertsales ( mejor revisión entre contenido y estrucuitra, fallo el mapa de contenidos, los wireframes y el ezcel)",,
"","#Trabajo",partialFocus,57600.0,0.0,960.0,0.0,2025-03-26 17:58:45,2025-03-27 09:58:45,"Homologación 

Banner conoce inversión pro
falta asesoria a tu medida -> CONTINUAR AQUÍ.
- Revisar todas las landings y co relato con CTA ( foto ) 
+ refinamientoi imposible de renta variable ( deberíamos tener widget trasnversales, fallo modyo en la estrategia de implem,entaciónd e contenidos )



==================================
⚠️ Session was longer than 16 hours. Session normalized the duration to 16 hours.
Original session duration: 42h 21min
Original start date: 2025 March 26, 17:58
Original end date: 2025 March 28, 12:20",,
"","#Trabajo",fullFocus,7111.0,0.0,118.51666666666667,0.0,2025-03-26 15:47:29,2025-03-26 17:46:00,"QA UX MX MODYO 

Landing beneficio patrimonial check

Landing soluciones en trabajo

QA responder consultas",,
"","#Trabajo",partialFocus,595.0,0.0,9.916666666666666,0.0,2025-03-26 14:58:08,2025-03-26 15:08:03,"QA MODYO GLOBAL 

COMENTARIOS JIRA MODYO",,
"","#Trabajo",partialFocus,11158.0,0.0,185.96666666666667,0.0,2025-03-26 11:38:48,2025-03-26 14:44:46,"Refinamiento UI CHAT BOT MOBILE",,
"SURA","#Trabajo",fullFocus,3931.0,0.0,65.51666666666667,0.0,2025-03-26 10:05:19,2025-03-26 11:10:50,"Dayly sitios puyblic ED

revisión QA GLOBAL
creación de HU GLOBAL
Revisión Menu Main MX",,
"","#Trabajo",partialFocus,1693.0,0.0,28.216666666666665,0.0,2025-03-26 09:30:44,2025-03-26 09:58:57,"Pruebas controladas WFI

todo ok",,
"","#Trabajo",fullFocus,1473.0,0.0,24.55,0.0,2025-03-26 09:00:57,2025-03-26 09:25:30,"Daily Team CL

Preunté por Chat - es comodin 
WFI  - No se han aplicado cambios de front levantados hace 1 mes
Fusión de series - priorizado 

+ Revisión Comentarios MODYO",,
"","#Trabajo",partialFocus,8471.0,0.0,141.18333333333334,0.0,2025-03-25 17:36:42,2025-03-25 19:57:53,"",,
"","#Trabajo",partialFocus,1805.0,0.0,30.083333333333332,0.0,2025-03-25 17:01:11,2025-03-25 17:31:16,"MODYO EXPERT

soporte",,
"","#Trabajo",fullFocus,502.0,0.0,8.366666666666667,0.0,2025-03-25 16:52:45,2025-03-25 17:01:07,"refinamiento QA MX MODYO


landing fondos complementos",,
"","#Trabajo",partialFocus,3231.0,0.0,53.85,0.0,2025-03-25 15:21:25,2025-03-25 16:15:16,"Refinamiento WA MX 

Landing Beneficio patrimonial

Landing Cuenta Especial Ahorro",,
"","#Trabajo",partialFocus,1117.0,6.0,18.616666666666667,0.1,2025-03-25 14:32:29,2025-03-25 14:51:12,"Revisón Comentarios MODYO JIRA 

falta lo de EMMA
creacióón HU Hallazgos QA MX",,
"SURA","#Trabajo",partialFocus,3609.0,0.0,60.15,0.0,2025-03-25 11:12:14,2025-03-25 12:12:23,"Refinamiento CL 

Tareas
- Se cancela rediseño historial mobile luego de co creación ED ( esto debió pararse antes) 

- Se hicieron retoques a contenidos fotográficos para landing asesoría experta mx

- se hicieron registro de Evidencias QA desarrollo JOSE ( hacer seguimiento)",,
"","#Trabajo",fullFocus,850.0,12.0,14.166666666666666,0.2,2025-03-25 10:57:47,2025-03-25 11:12:09,"absorbción y cambio de nombre de serie
y trae el historial - explicado por Benjamin

Como cliente como observo la rentabilidad histórica 

Fondo a

Fondo a.1

se hace canje cuotas. 

vista fondo es un movimiento

vista cliente historial de inversiones temporales.


Esto podría requerir pantalla.",,
"","#Trabajo",partialFocus,2186.0,0.0,36.43333333333333,0.0,2025-03-25 10:01:08,2025-03-25 10:37:34,"reu 

Estructuración Proyecto: Nueva Estructura de Series FFMM SURA

rentabilidad podría cambiar el alcance del proyecto

para la web es transparente en tanto crear un fondo 

pero el tema son las serie de fondos del portafolio.",,
"SURA","#Trabajo",endEarly,2608.0,4.0,43.46666666666667,0.06666666666666667,2025-03-25 09:16:57,2025-03-25 10:00:29,"refinamiento mobiole chat sura advisor

falta terminar",,
"SURA","#Personal",rest,321.0,0.0,5.35,0.0,2025-02-05 16:57:27,2025-02-05 17:02:48,"",,
"SURA","#Trabajo",partialFocus,1461.0,0.0,24.35,0.0,2025-02-05 16:32:05,2025-02-05 16:56:26,"MODYO

Trabajando 
Chips states, homologando clases de paddings
Comportamiento Filtro noticias


Trabajará
Black Decriptor investments


Check Padding
Ro - > Global y MX ( construcción de margenes y paddings )",,
"","Asesoria",partialFocus,14259.0,0.0,237.65,0.0,2025-02-04 17:06:57,2025-02-04 21:04:36,"descarga de saldos",,
"","Asesoria",partialFocus,3026.0,0.0,50.43333333333333,0.0,2025-02-04 13:07:07,2025-02-04 13:57:33,"PEDIR ACCESO A EDU

REVISAR EXCEL DE MANU EXTRACTO DE SALDOS CONSOLIDADOS ( falta check de data ) 

FALTA DEFINIR MAPA DE NAVEGACIÓN  del para organizar migas de pan faltantes tanto en asesor como en cliente de eso depende el menu desplegable Y LA AI de cara a los usuarios.",,
"","Asesoria",partialFocus,1819.0,0.0,30.316666666666666,0.0,2025-01-31 19:25:23,2025-01-31 19:55:42,"Diseño de presentación",,
"","Asesoria",partialFocus,1811.0,0.0,30.183333333333334,0.0,2025-01-31 18:55:09,2025-01-31 19:25:20,"diseño de flujos e interacciones faltantes
+ handoff",,
"","Asesoria",partialFocus,1804.0,0.0,30.066666666666666,0.0,2025-01-31 17:57:35,2025-01-31 18:27:39,"",,
"","Asesoria",partialFocus,5864.0,0.0,97.73333333333333,0.0,2025-01-31 16:06:38,2025-01-31 17:44:22,"",,
"","Asesoria",partialFocus,1873.0,0.0,31.216666666666665,0.0,2025-01-30 14:43:43,2025-01-30 15:14:56,"",,
"","Asesoria",fullFocus,2833.0,0.0,47.21666666666667,0.0,2025-01-27 17:45:28,2025-01-27 18:32:41,"GRILLA",,
"","#Personal",rest,283.0,0.0,4.716666666666667,0.0,2025-01-26 20:17:54,2025-01-26 20:22:37,"",,
"","Asesoria",fullFocus,1994.0,0.0,33.233333333333334,0.0,2025-01-26 19:44:36,2025-01-26 20:17:50,"",,
"","Asesoria",fullFocus,3526.0,0.0,58.766666666666666,0.0,2025-01-26 18:33:31,2025-01-26 19:32:17,"TAXONOMIA KIT UI CON ATOMIC Y RESPONSIVE DESIGN
+ diseño de interacción de mensajes
+ DISEÑO DE INTERACCIONES MAPA",,
"","Asesoria",partialFocus,4926.0,0.0,82.1,0.0,2025-01-25 10:23:43,2025-01-25 11:45:49,"dieño wireframes
mis mascotas
interacciones y componentes ui",,
"","#Personal",rest,306.0,0.0,5.1,0.0,2025-01-24 16:02:53,2025-01-24 16:07:59,"",,
"","Asesoria",fullFocus,1930.0,0.0,32.166666666666664,0.0,2025-01-24 15:30:38,2025-01-24 16:02:48,"Diseño de Flujo de usuarios por toda la app 

falta chequear vs lo que lleva el equipo.",,
"","Asesoria",fullFocus,2094.0,0.0,34.9,0.0,2025-01-24 14:55:34,2025-01-24 15:30:28,"Creacion de trello para contro y documentación

Esimación de 

USER FLOW 

OB GAMIFICADO MATCH MASCOTAS
+

-Geo localización
-Filtro Hogares temporales
-Ficha Mascota
-Actualización de Mascota ( en esto hace falta un perfil de usuario )
-Supervisión de Hogares temporales durante transición de adopción.",,
"#ASESORIA","#Personal",rest,306.0,0.0,5.1,0.0,2025-01-24 13:48:12,2025-01-24 13:53:18,"",,
"#ASESORIA","Asesoria",fullFocus,782.0,0.0,13.033333333333333,0.0,2025-01-24 13:35:06,2025-01-24 13:48:08,"Observaciones  Desafío 1

C.A

-Documentacion de mejoras y nuevos flujos propuestos

-Detalle de funcionalidades

- Presentación desafío

Entregable en formato presentación

-Wireframe Oportunidades y mejoras 

-User flow funcionalidades

+ Revisión Excel y FIGMA entregado por Patricia.",,
"","#Trabajo",fullFocus,3618.0,0.0,60.3,0.0,2025-01-07 09:31:06,2025-01-07 10:31:24,"Refinamiento UI PAF

todos los cam ios aplicados.",,
"","#Trabajo",fullFocus,1831.0,0.0,30.516666666666666,0.0,2025-01-07 09:00:08,2025-01-07 09:30:39,"planing TEAM CL 
+ Refinamiento PAF",,
"","#Trabajo",fullFocus,1293.0,0.0,21.55,0.0,2025-01-06 14:39:31,2025-01-06 15:01:04,"refinamiento UI PFA.",,
"","#Personal",rest,830.0,0.0,13.833333333333334,0.0,2025-01-06 14:25:25,2025-01-06 14:39:15,"refinamiento UI",,
"","#Trabajo",partialFocus,1605.0,0.0,26.75,0.0,2025-01-06 13:57:38,2025-01-06 14:24:23,"Revisión FIRMA DIGITAL PE con DAL


 
Revisión de UI subida de documentos, co diseñamos un Componente para que se adapte a todas las categorías de documentos, sin embargo puede estar desalineado en tanto expectativa de contraparte de desarrollo -> validaremos con Ma.",,
"","#Trabajo",partialFocus,2857.0,0.0,47.61666666666667,0.0,2025-01-06 12:39:25,2025-01-06 13:27:02,"REVISIÓN PAF con Ma - CORREGIR CARD GRÁFICO y corregir TABS.

TAREAS QA MODYO  ESTILOS GLOBALES UI",,
"","#Trabajo",fullFocus,3412.0,0.0,56.86666666666667,0.0,2024-12-27 11:01:54,2024-12-27 11:58:46,"REFINAMIENTO UI PAF

CON ED",,
"","#Personal",rest,177.0,0.0,2.95,0.0,2024-12-27 10:55:58,2024-12-27 10:58:55,"",,
"","#Trabajo",partialFocus,1418.0,0.0,23.633333333333333,0.0,2024-12-27 10:32:16,2024-12-27 10:55:54,"TALENTUM 

Evaluación curso Gestión de Salud y seguridad en el trabajo en teletrabajo
CL_ART_CUR_V_NEG_0003_2024_91

FALLÓ CHAT GPT",,
"","#Personal",rest,184.0,0.0,3.066666666666667,0.0,2024-12-27 10:13:32,2024-12-27 10:16:36,"",,
"","#Trabajo",partialFocus,1689.0,0.0,28.15,0.0,2024-12-27 09:44:21,2024-12-27 10:12:30,"RETOQUE DE IMG

el not ener originales hace qué todo tenga menos calidad, en realidad debería ser una pedida a quienes hicieron las fotos originales.",,
"","#Trabajo",partialFocus,8302.0,0.0,138.36666666666667,0.0,2024-12-26 12:11:32,2024-12-26 14:29:54,"QA MODYO UI NEWS

Incorrecto chip
incorrecto CUOTEMARK
incorrecto

+ E",,
"SURA","#Personal",rest,255.0,0.0,4.25,0.0,2024-12-23 11:30:14,2024-12-23 11:34:29,"",,
"SURA","#Trabajo",partialFocus,1125.0,0.0,18.75,0.0,2024-12-23 11:11:23,2024-12-23 11:30:08,"Daily Co creación",,
"","#Trabajo",partialFocus,1227.0,2.0,20.45,0.03333333333333333,2024-12-18 16:00:33,2024-12-18 16:21:02,"FIRMA DIGITAL 

con Dal y Henry",,
"SURA","#Trabajo",partialFocus,3008.0,0.0,50.13333333333333,0.0,2024-12-18 15:10:16,2024-12-18 16:00:24,"Revisión flujo DEV- QA - SCRUM - UX  - PO


Acutalización CA flujo diseñado por Raúl.",,
"","#Trabajo",partialFocus,3433.0,0.0,57.21666666666667,0.0,2024-12-17 11:08:13,2024-12-17 12:05:26,"",,
"","#Trabajo",partialFocus,1807.0,0.0,30.116666666666667,0.0,2024-12-17 10:30:17,2024-12-17 11:00:24,"",,
"SURA","#Trabajo",partialFocus,560.0,0.0,9.333333333333334,0.0,2024-12-17 09:20:21,2024-12-17 09:29:41,"daily team cl",,
"SURA","#Personal",rest,186.0,0.0,3.1,0.0,2024-12-16 16:21:29,2024-12-16 16:24:35,"",,
"SURA","#Trabajo",fullFocus,3107.0,64.0,51.78333333333333,1.0666666666666667,2024-12-16 15:28:15,2024-12-16 16:21:06,"revisión avanza más con temas ui, EN TANTO contenidos veo todo ok.",,
"","#Trabajo",fullFocus,1500.0,0.0,25.0,0.0,2024-12-16 15:02:49,2024-12-16 15:27:49,"REU PAF


Tarea - > Actualizar KIT UI 
Primer avance a DEVs -> 26 
en términos de data no habría modificación 

Luego chequear con HU y Raúl. 

Inicio desarrollo 2 de enero con Eliecer


https://surati.atlassian.net/browse/NCES-3819

https://surati.atlassian.net/browse/NCES-3285",,
"","#Trabajo",partialFocus,7477.0,0.0,124.61666666666666,0.0,2024-12-16 12:56:59,2024-12-16 15:01:36,"Revisión UI 


+ reu con modyo

tarea modyo —> corregir y aplicar estilos gloables según definiciones de KIT UI  . se hará prueba de cambios vía noticia a mostrar por ellos.",,
"","#Personal",rest,305.0,0.0,5.083333333333333,0.0,2024-12-16 11:45:11,2024-12-16 11:50:16,"",,
"","#Trabajo",partialFocus,1466.0,0.0,24.433333333333334,0.0,2024-12-16 11:19:43,2024-12-16 11:44:09,"DUDAS UI NEWS : 

- Se está respetando el wireframe? en términos de estilos gloables, ( spacing, grid, colores, typescale, etc)

- Ilógica, no se toca sitio MX, debo revisar EXCCEL para revisar todos los pendientes y contestar.",,
"SURA","#Trabajo",endEarly,1917.0,0.0,31.95,0.0,2024-12-13 11:59:50,2024-12-13 12:31:47,"el lunes

tener la HU organizar las 4 columnas 

con sus labels, contenidos.

(definid en MX)",,
"","#Trabajo",partialFocus,3684.0,0.0,61.4,0.0,2024-12-12 14:59:42,2024-12-12 16:01:06,"QA MODYO NOTICIAS",,
"","#Personal",rest,306.0,0.0,5.1,0.0,2024-12-12 14:54:32,2024-12-12 14:59:38,"",,
"","#Trabajo",fullFocus,1796.0,0.0,29.933333333333334,0.0,2024-12-12 14:23:48,2024-12-12 14:53:44,"REU CON MODYO

- Revisión links FOOTER  sitio global ( en tanto AI )  dependería de dónde estamos parado ( linea de negocio ) ( confirmar si es dinámico o no ) 

- Revisión FORM FIGMA CONTACTO sitio Global ( revisar contenidos e instancias) 

- Próxima Reu lunes",,
"","#Trabajo",endEarly,3618.0,0.0,60.3,0.0,2024-12-12 10:33:16,2024-12-12 11:33:34,"QA UX MODYO

Revisión de noticias + comentarios.",,
"SURA","#Trabajo",partialFocus,3432.0,2.0,57.2,0.03333333333333333,2024-12-12 09:19:56,2024-12-12 10:17:10,"QA MODYO

Veo mejoras a nivel UX - ( usar noticias relacionadas ) a nivel UI, el uso de comilals está pesimo, el uso de colores y layout puede mejorar considerablemente.",,
"SURA","#Personal",rest,298.0,0.0,4.966666666666667,0.0,2024-12-12 09:12:09,2024-12-12 09:17:07,"",,
"SURA","#Trabajo",partialFocus,682.0,0.0,11.366666666666667,0.0,2024-12-12 09:00:41,2024-12-12 09:12:03,"Revisión TEAM CL",,
"SURA","#Trabajo",partialFocus,1244.0,26239.0,20.733333333333334,437.31666666666666,2024-12-10 17:33:12,2024-12-11 01:11:15,"reu ilógica",,
"","#Trabajo",partialFocus,1874.0,0.0,31.233333333333334,0.0,2024-12-10 16:30:28,2024-12-10 17:01:42,"Revisar VPN Perú y ver pantallas liga DAL",,
"","#Trabajo",partialFocus,3903.0,0.0,65.05,0.0,2024-12-10 15:25:16,2024-12-10 16:30:19,"Reu dal con Dalia y Ma  sobre Firma Digital Perú

Revisión Flujo",,
"SURA","#Trabajo",fullFocus,706.0,0.0,11.766666666666667,0.0,2024-12-10 15:13:16,2024-12-10 15:25:02,"Diseño MLT UI
ORGANIZACIÓN TAREAS Y PRIORIRZACIÓPN",,
"SURA","#Trabajo",fullFocus,2567.0,0.0,42.78333333333333,0.0,2024-12-10 12:38:10,2024-12-10 13:20:57,"DiseñÉ flujo MLT en base a pantallas previas.

( me parece estoy sistematizando un método sura de diseño en TEAM CL )",,
"ADL","#Trabajo",partialFocus,7287.0,0.0,121.45,0.0,2024-12-09 18:59:20,2024-12-09 21:00:47,"CLASES UX UI 2",,
"","#Trabajo",fullFocus,3141.0,0.0,52.35,0.0,2024-12-09 12:17:23,2024-12-09 13:09:44,"",,
"","#Trabajo",partialFocus,2502.0,0.0,41.7,0.0,2024-12-09 11:30:37,2024-12-09 12:12:19,"",,
"ADL","#Personal",rest,158.0,0.0,2.6333333333333333,0.0,2024-12-07 21:23:36,2024-12-07 21:26:14,"",,
"ADL","#Trabajo",fullFocus,1092.0,0.0,18.2,0.0,2024-12-07 21:05:17,2024-12-07 21:23:29,"terminé de juntar material complemetnario, refozar mentimeeter y organizar clases ADL",,
"ADL","#Trabajo",partialFocus,2139.0,6522.0,35.65,108.7,2024-12-07 18:40:49,2024-12-07 21:05:10,"Terminé todas las dinámicas

falta ver desafío para adelantar dudas, y explicar mediante ejemplio benchmark mixto (cuanti cuali)

procesamiento de datos cualitativos, según metodologías y marcos teóricos.",,
"","#Personal",rest,904.0,0.0,15.066666666666666,0.0,2024-12-06 12:53:43,2024-12-06 13:08:47,"",,
"","#Trabajo",fullFocus,1100.0,0.0,18.333333333333332,0.0,2024-12-06 12:35:17,2024-12-06 12:53:37,"Diseño WPC Video paso info legal",,
"","#Trabajo",partialFocus,1963.0,0.0,32.71666666666667,0.0,2024-12-06 12:00:21,2024-12-06 12:33:04,"QA con Eliecer Comprobantes Mobile y Desktop -> Aprobados",,
"SURA","#Personal",rest,1007.0,0.0,16.783333333333335,0.0,2024-12-06 11:45:28,2024-12-06 12:02:15,"",,
"SURA","#Trabajo",partialFocus,2695.0,0.0,44.916666666666664,0.0,2024-12-06 11:00:13,2024-12-06 11:45:08,"Daily Team ED

+ QA Paginadores -> aprobada en pre clientes;  con observaciones en PRE Asesores.
+ QA HU WFI Asesores -> Comprobante cliente no habilitado aprobado 

+ tareas con ED con Fer y Emma tema de noticas, vista UX UI",,
"","#Trabajo",endEarly,3611.0,0.0,60.18333333333333,0.0,2024-12-05 16:01:02,2024-12-05 17:01:13,"",,
"SURA","#Trabajo",endEarly,1333.0,0.0,22.216666666666665,0.0,2024-12-05 15:00:15,2024-12-05 15:22:28,"Diseño tutoria WPC Paso final",,
"","#Personal",rest,305.0,0.0,5.083333333333333,0.0,2024-12-05 10:33:36,2024-12-05 10:38:41,"",,
"","#Trabajo",partialFocus,1925.0,0.0,32.083333333333336,0.0,2024-12-05 10:00:29,2024-12-05 10:32:34,"no se acepta diseño de pantalla transacción sura pass porque aplicativo de marcelo no se toca, trabajarn en api para que refle datos a enviar por RAÚL",,
"SURA","#Trabajo",partialFocus,11972.0,0.0,199.53333333333333,0.0,2024-12-04 12:30:03,2024-12-04 15:49:35,"PT 4 Videos tutoriales WPC",,
"","#Trabajo",partialFocus,2835.0,0.0,47.25,0.0,2024-12-04 11:00:40,2024-12-04 11:47:55,"",,
"SURA","#Personal",rest,306.0,0.0,5.1,0.0,2024-12-04 10:53:15,2024-12-04 10:58:21,"",,
"SURA","#Trabajo",fullFocus,3107.0,0.0,51.78333333333333,0.0,2024-12-04 10:01:24,2024-12-04 10:53:11,"Diseño audiovisual 

Paso 3 - WPC Tutorial",,
"SURA","#Trabajo",fullFocus,1565.0,0.0,26.083333333333332,0.0,2024-12-04 09:03:10,2024-12-04 09:29:15,"Daily Team CL

· Reu HU SURA PASS

+ organización mis tareas.",,
"","#Trabajo",fullFocus,1087.0,0.0,18.116666666666667,0.0,2024-12-03 12:48:20,2024-12-03 13:06:27,"Reu con Emma -> 

· retoque foto Brunno , saber medidas.

Y Enviar a Emma.

Reu con Dal ->


Coordindación UX QA agendar por dal para Firma digitañ 
+ coordinación correos prueba QA MKT CLOUD",,
"","#Personal",rest,296.0,0.0,4.933333333333334,0.0,2024-12-03 12:43:22,2024-12-03 12:48:18,"",,
"","#Trabajo",partialFocus,2588.0,0.0,43.13333333333333,0.0,2024-12-03 12:00:04,2024-12-03 12:43:12,"Paso 1- Datos generales Tutoriral WPC video, listo",,
"","#Personal",rest,1805.0,0.0,30.083333333333332,0.0,2024-12-03 11:40:10,2024-12-03 12:10:15,"",,
"","#Trabajo",partialFocus,1960.0,0.0,32.666666666666664,0.0,2024-12-03 11:00:02,2024-12-03 11:32:42,"Daily Co creación

no seguir con méxico
reunirme con ilógica para aclarar que no hay presupuesto, revisar que lo que hacemos con Dani león, para que nada se sume a cotizar.

· reunirme con Cata",,
"SURA","#Trabajo",fullFocus,2884.0,0.0,48.06666666666667,0.0,2024-12-03 10:00:11,2024-12-03 10:48:15,"Planning Team CL

- paginadores no pasó a qa.
- no deberían haber más cambios en WFI - ASESORES.

· NCES 4042 con Raúl y Noé ( diseño, qa y validación) -> sura pass app 

· contestar a ilógica ( primero hablar con claudio )

[!]Ojo con HU Cuenta inversión, se acordó reu para revisar con Edu, Raúl y Dani. Para mi aprobación.

· Maqueta PAF (se requiere reu), Hernán plantea que hay stopper",,
"SURA","#Personal",rest,304.0,0.0,5.066666666666666,0.0,2024-12-03 09:54:30,2024-12-03 09:59:34,"",,
"SURA","#Trabajo",fullFocus,3185.0,0.0,53.083333333333336,0.0,2024-12-03 09:00:33,2024-12-03 09:53:38,"Edición video WPC Paso 2 Perfilameinto  - listo
+ revisión pendintes ilógica 
+ chequeo equipos cl
+ chequeo equipo ux",,
"SURA","#Trabajo",partialFocus,1208.0,0.0,20.133333333333333,0.0,2024-12-02 16:02:21,2024-12-02 16:22:29,"Diseñanding WFI - REIFINAMIENTO UI",,
"","#Personal",rest,279.0,0.0,4.65,0.0,2024-12-02 14:31:02,2024-12-02 14:35:41,"",,
"ADL","#Trabajo",partialFocus,1317.0,0.0,21.95,0.0,2024-12-02 14:08:04,2024-12-02 14:30:01,"Preparar clases UX 

Lista.",,
"SURA","#Personal",rest,458.0,0.0,7.633333333333334,0.0,2024-12-02 13:23:03,2024-12-02 13:30:41,"",,
"SURA","#Trabajo",fullFocus,871.0,0.0,14.516666666666667,0.0,2024-12-02 13:08:26,2024-12-02 13:22:57,"Comentarios grupo sura solucionado 
img, en correción 

los ajsutes que requieran una modificaión que afecta vairas paginas, serán detalladas con una celda nueva en el documento.

terminar de revisar pendientes dani candia para enviar Correo a Ilógica + Cata.",,
"","#Trabajo",partialFocus,1022.0,0.0,17.033333333333335,0.0,2024-12-02 12:40:41,2024-12-02 12:57:43,"Prueba concepto Fomrulario ED - ALERTAS",,
"SURA","#Personal",rest,305.0,0.0,5.083333333333333,0.0,2024-12-02 11:58:59,2024-12-02 12:04:04,"",,
"SURA","#Trabajo",partialFocus,1053.0,0.0,17.55,0.0,2024-12-02 11:40:24,2024-12-02 11:57:57,"Organización de tareas.

Ilógica check
Tareas WFI Agendadas
Cooridnación con equipo UX
agendado video tutorial",,
"","#Personal",rest,191.0,0.0,3.183333333333333,0.0,2024-11-27 17:24:52,2024-11-27 17:28:03,"",,
"","#Trabajo",partialFocus,3669.0,0.0,61.15,0.0,2024-11-27 16:23:38,2024-11-27 17:24:47,"",,
"SURA","#Trabajo",fullFocus,2203.0,0.0,36.71666666666667,0.0,2024-11-27 14:08:22,2024-11-27 14:45:05,"Revisión ui con DAL Firma Digital


Creación de compoenntes, modificaión de flujos, creación de interacciones, documentación en figma.",,
"SURA","#Trabajo",partialFocus,2028.0,0.0,33.8,0.0,2024-11-27 13:32:24,2024-11-27 14:06:12,"Revisión Firma digital PE - UX UI",,
"SURA","#Trabajo",fullFocus,2601.0,0.0,43.35,0.0,2024-11-27 12:31:03,2024-11-27 13:14:24,"+ FORO

+  Coordinación con Manu, Emma, Dal, Raúl tareas transversales.",,
"SURA","#Trabajo",fullFocus,1481.0,0.0,24.683333333333334,0.0,2024-11-27 12:06:13,2024-11-27 12:30:54,"FORO

+ rechazu hu paginadores con QA de Seba

+ Refinamiento ppt con Manu, tutoriales WPC Aseores

+ Curso talentum atrasado",,
"","#Personal",rest,310.0,0.0,5.166666666666667,0.0,2024-11-27 11:56:34,2024-11-27 12:01:44,"",,
"SURA","#Trabajo",fullFocus,3348.0,0.0,55.8,0.0,2024-11-27 11:00:42,2024-11-27 11:56:30,"Revisón ppt con Dani,
Refinamiento en proceso 

Creación de tiempo libre 

Revisíon propuesta ilógica",,
"","#Personal",rest,214.0,0.0,3.566666666666667,0.0,2024-11-27 10:23:29,2024-11-27 10:27:03,"",,
"SURA","#Trabajo",fullFocus,1355.0,0.0,22.583333333333332,0.0,2024-11-27 10:00:50,2024-11-27 10:23:25,"Itaración flujo alertas ED

mejora de flujo, propuesta 2 validada.",,
"","#Personal",rest,213.0,0.0,3.55,0.0,2024-11-27 09:52:54,2024-11-27 09:56:27,"",,
"","#Trabajo",fullFocus,1206.0,0.0,20.1,0.0,2024-11-27 09:32:41,2024-11-27 09:52:47,"Flujo Formulario Alertas ED

Emmanuel

Pinto

 te comparto por acá el flujo para que len eches una vuelta y si lo validas, y empiezo a jugar con la creación del formulario.



1era prueba de concepto 

Formulario Form Microsot ( sharepoint )



2da prueba de concepto ( para esto necesito ayuda), con un wp que podamos administrar lo hago de una.",,
"SURA","#Trabajo",fullFocus,1929.0,0.0,32.15,0.0,2024-11-27 09:00:25,2024-11-27 09:32:34,"Daily Fábrica CL",,
"SURA","#Trabajo",fullFocus,830.0,0.0,13.833333333333334,0.0,2024-11-26 17:04:57,2024-11-26 17:18:47,"Revisión de ppt con Manu, se hicieron cambios a la presentación y ya está validado.",,
"SURA","#Trabajo",partialFocus,1684.0,0.0,28.066666666666666,0.0,2024-11-26 15:30:45,2024-11-26 15:58:49,"Refinamiento PPT Tutoriales WPC Asesor",,
"SURA","#Trabajo",fullFocus,3453.0,0.0,57.55,0.0,2024-11-26 14:13:33,2024-11-26 15:11:06,"Refinamiento UI Firma digital con Dal

Creamos componente card subida de documentos por Estado para el paso 3, mejoramos textos y agregamos interacciones.

falta chequear el flujo mancomunado 

prox reunión a solicitar a Dal",,
"SURA","#Trabajo",fullFocus,3415.0,0.0,56.916666666666664,0.0,2024-11-26 11:02:48,2024-11-26 11:59:43,"Revisión propuesta ilógica, tutoriales SURA ASESOR Colombia

Resumen propuesta log rocket IA ( Pauli )

Content Full video y/o reproductor en landing ver funcionamiento?

agregar BTN reproducir en web PANTALLA COMPLETA ( en Card video tutorial)

Dos filas de video tutoriales en vez de 1 ( para que se vean 6)

Contacto directo + teléfono de contacto en sección contacto

Quitar doble hero en el  inicio ( el blanco sobra)

Sección después de FAQ  que sea ADMINISTRABLE para SUBIR CONTENIDOS ( cómo funciona y cómo se vería)",,
"SURA","#Trabajo",fullFocus,1632.0,0.0,27.2,0.0,2024-11-26 09:00:06,2024-11-26 09:27:18,"",,
"SURA","#Personal",rest,1207.0,0.0,20.116666666666667,0.0,2024-11-25 17:06:44,2024-11-25 17:26:51,"",,
"SURA","#Trabajo",partialFocus,3535.0,0.0,58.916666666666664,0.0,2024-11-25 16:07:49,2024-11-25 17:06:44,"Revisión estilos globales WPC


BTNS",,
"SURA","#Trabajo",partialFocus,1220.0,0.0,20.333333333333332,0.0,2024-11-25 15:31:50,2024-11-25 15:52:10,"Puerta de entrada OK

Flujo de 4 Pasos 

paso 1 - validador  (propongo cambiar nombre) -> validar con YESENIA

Paso 2 - info personal (accesibilidad de labels) son distinas del paso 3 ( podemos homologar ?)

Paso 3 - Docuemntos  ( casos borde y caminos no felices resueltos?) -> refinamiento UI Subida de docuemntos con Dal. // Revisar Flujo con Dal para check ui según CA de HU 

Paso 4 - doble cerrar (a dónde podemos salir?)


OJO Con H1 en el flujo ( VER TYPESCALE con DAL) 


Luego agendar con Yesenia para validar contenidos.",,
"SURA","#Trabajo",partialFocus,973.0,0.0,16.216666666666665,0.0,2024-11-25 13:01:38,2024-11-25 13:17:51,"REU ILÓGICA AVANCE SITIOS PÚBLICOS

estimación sitios entregados por Cata pendiente por ilógica 

el miercoles habrá actualización por parte de Catalina sobre check de diagnóstico

hablamos sobre uruguay y no dejar pasar temas eventualmente multables, a pesar de la venta",,
"SURA","#Personal",rest,202.0,0.0,3.3666666666666667,0.0,2024-11-25 12:58:10,2024-11-25 13:01:32,"",,
"SURA","#Trabajo",partialFocus,1670.0,0.0,27.833333333333332,0.0,2024-11-25 12:30:16,2024-11-25 12:58:06,"revisión typescale con Elicier 
ui comprobante",,
"Selfradar","#Personal",fullFocus,13212.0,0.0,220.2,0.0,2024-11-24 11:00:51,2024-11-24 14:41:03,"SELFRADAR

PLANTILLA PARA COMPARTIR HERRAMIENTA CON COMUNIDADA

https://www.figma.com/board/GdeJo11xEGgSZTRq869tVp/TEMPLATE-SELFRADAR?node-id=0-1&t=iYsIvogpEYVhjYcj-1",,
"Lecturas","#Personal",rest,333.0,0.0,5.55,0.0,2024-11-23 11:12:44,2024-11-23 11:18:17,"",,
"Lecturas","#Personal",partialFocus,1723.0,0.0,28.716666666666665,0.0,2024-11-23 10:44:00,2024-11-23 11:12:43,"",,
"","#Trabajo",partialFocus,2022.0,0.0,33.7,0.0,2024-11-22 13:08:28,2024-11-22 13:42:10,"Revisión con Ma y Manu, 

pasar estepera a Manu. (material ui - dots para mobile)",,
"","#Trabajo",partialFocus,1809.0,0.0,30.15,0.0,2024-11-22 12:38:14,2024-11-22 13:08:23,"MLT 

+ FIN PRESENTAACIÓN TUTORIAL WPC",,
"SURA","#Trabajo",partialFocus,4211.0,0.0,70.18333333333334,0.0,2024-11-22 11:00:34,2024-11-22 12:10:45,"REU ED 
Traspaso MLB",,
"SURA","#Trabajo",fullFocus,7782.0,0.0,129.7,0.0,2024-11-21 15:54:16,2024-11-21 18:03:58,"Re diseño ppt tutorial wpc asesores

falta acceder a sitio, no puedo entrar.",,
"SURA","#Trabajo",fullFocus,1098.0,0.0,18.3,0.0,2024-11-21 15:31:07,2024-11-21 15:49:25,"Reunión con dal Revisión Flujo

Corregir MT card subida de docuemntos


Refinar pantalla participantes

Falta pantalla finalización (paso 3)

Cambiar icono previsualizador (card subida de documentos) 

Dejar previsualizador sin BTN Siguiente

Nos juntaremos a revisar correcciones.",,
"SURA","#Trabajo",partialFocus,455.0,0.0,7.583333333333333,0.0,2024-11-21 15:14:40,2024-11-21 15:22:15,"Inicio Rediseño PPT 

agregar indice

mejor migas de pan en presentación

mejorar ux writting 

mejorar narrativa

buscar elementos gráficos",,
"SURA","#Trabajo",fullFocus,3773.0,0.0,62.88333333333333,0.0,2024-11-21 11:00:19,2024-11-21 12:03:12,"Toma de requerieminto de Emma -> Automatización alertas internas.

Daily co creación

Agenda de usabilidad WPC

Reu con emma y dani para Landing tutotial WPC

el objetivo es dar contezxto a través de tutoriales hecho por Manu, revisar con Emma cuando esté listo.

Ayudar Dani con PPT - Tutoriales 

Lunes 25n inicia trabajo con fiduciaria, yo llevaré este tema.

Actualizar KIT UI MLT ( agendar)",,
"SURA","#Trabajo",fullFocus,1301.0,0.0,21.683333333333334,0.0,2024-11-21 10:01:46,2024-11-21 10:23:27,"Finalicé curso de ética 

falta el de conocimiento de cliente",,
"SURA","#Trabajo",partialFocus,1194.0,0.0,19.9,0.0,2024-11-21 09:41:42,2024-11-21 10:01:36,"Organización archivos figma SURA TRANSVERSAL",,
"ADL","#Trabajo",fullFocus,1503.0,0.0,25.05,0.0,2024-11-20 18:30:55,2024-11-20 18:55:58,"OB ADL con Felipe

Mejoras en presentación en tanto accesibilidad
 y tanto Metáforas de proceso “administrativo”.

Falta contacto soporte

@soporteplataformas Slack

Revisar accesos en el correo , a enviar por Felipe 


[Pésimo nombre “plan light]",,
"SURA","#Trabajo",partialFocus,3612.0,0.0,60.2,0.0,2024-11-20 11:03:02,2024-11-20 12:03:14,"P61-62 en BJ

· Preguntas se relacionan al hambre que tengo de crecer profesionalmente, en tanto reunión con Pablo Urzúa. 

Tarea - re diseño de captura de pantalla",,
"Radar B","#Personal",partialFocus,255.0,4.0,4.25,0.06666666666666667,2024-11-20 10:58:31,2024-11-20 11:02:50,"Recuerda, las herramientas sólo son de ayuda si las usas!

¿Qué es? 
Una revisión periódica con la que los miembros de la relación pueden celebrar logros, resolver conflictos y planear nuevas formas de interactuar para promover el crecimiento y bienestar de todos los involucrados. Aunque se recomienda hacerlo mensualmente, la frecuencia puede variar dependiendo de las necesidades de tu relación. ¡Recuerda que con comunicación, compasión y honestidad todo puede negociarse!

Herramientas
• La trifuerza de la comunicación para clarificar expectativas (¿Cuál es el objetivo de tu comunicación?)
1. Sólo quiero compartir y ser escuchado
2. Buscando empatía, confort, elogios o celebración 
3. Tratando de resolver un problema, buscando ayuda o consejo

• H.A.L.T.
Recuerda detenerte y tomar un descanso si es que tienes hambre, estás enojado, te sientes aislado o cansado (hungry, angry, lonely or tired).

• Utiliza comunicación no-violenta cuando te encuentres con temas difíciles 
1. Comienza con una observación de lo que sucedió, sin interpretaciones, acusaciones o cambios
2. Expresa tus sentimientos sin aplicar ninguna historia de algo que te hicieron otros
3. Di lo que necesitas
4. Haz una petición que no es una exigencia ni un ultimátum. Tu pareja debe tener la libertad de acceder, negarse o negociar la petición

• Trata a tu pareja con compasión y empatía
Este es un lugar seguro para discutir triunfos y decepciones, gratitud intensa y tristeza. Recuerda que estamos aquí porque queremos que nuestra relación sea lo mejor que puede ser.

Antes de iniciar, saquen sus calendarios y agenden el siguiente R.A.D.A.R.




Revisión (acciones en el periodo anterior)
– Hagan una actualización de lo que ha sucedido desde el último RADAR. Puede ser útil mirar hacia atrás en el calendario (bullet journal). 
– Sin ahondar en los temas, tomen nota de aquello que consideren debe ser discutido.
– Organicen los temas en cuatro columnas: Hacer (requieren acción), Posponer (pueden ser reagendados para el siguiente RADAR), Discutir (necesitan clarificación y discusión), Eliminar (no es tan importante y puede ser eliminado de la lista). 
– ¡Celebren los puntos de acción que se completaron exitosamente! Para aquellos puntos que no fueron completados, pónganlos en la lista de “discusión” (do, defer, discuss o delete).

*Reflexiones Ro
– poesía página 27
– reflexión citas 32, 34, 36
	– sensación de “hacer algo o ser de alguna manera” para que B explorara
	– “me duele que esto me haga menos deseable”
	– “la incertidumbre duele”

*Reflexiones Barb
– viaje san felipe
– almuerzo familia Ro
– cita con E - discutir
– primera gran discusión - terminar de cerrar el aprendizaje

Acordar el orden de la agenda/lista
– Organicen los puntos en categorías y decidan el orden en el que serán abordados. Puede ser empezar por los temas más demandantes o comenzar con lo más ligero para empezar a calentar motores. 
– Se recomienda cubrir las siguientes categorías aún cuando parezca que no haya puntos particularmente importantes en ellas. También se pueden agregar si es necesario: 
Salud
Exámenes: gracias por realizarte exámenes, me los agendé para el lunes 25
Crecimiento personal, emocional y espiritual
Tiempo de calidad: 
Nos estamos viendo harto
Está rico echarnos de menos
Organizar una llamada para cuando nos echemos de menos
Sexo
Actividad con otros que genera miedo al abandono – Conversar al respecto
Jugar más y para ello, hablar más
Mis disculpas por evento traumático y agradecimientos por consistencia de necesidades
Otros compañeros
G: en general bien, falta conversar respecto a tiempo juntos
E: está en veremos, hasta ahora no hay mucha claridad
C: han reconectado, bien, sólo difícil
Citas: cómo afecta vínculo
Dinero: 
Familia / Amigos
Peleas / Discusiones: primera gran discusión
Trabajo / Proyectos
Viajes
Hogar
Misceláneos

Discusión
– Vayan discutiendo cada punto de la lista anterior. Es importante cubrirlos todos aún si consideran que no existen problemas ahí. ¡Recuerda que este tiempo también es para compartir logros y explorar áreas que funcionan para poder mejorarlas aún más! 

Acción
– Decidan metas alcanzables que sean tan específicas como sea posible. Este será de los primeros puntos a revisar en el siguiente RADAR.

Reconectar
Apreciación. Tomen turnos escuchando y compartiendo elogios, actividades divertidas y apapachos.",,
"SURA","#Trabajo",partialFocus,1670.0,0.0,27.833333333333332,0.0,2024-11-20 09:00:31,2024-11-20 09:28:21,"Daily Fábrica CL",,
"Radar B","#Personal",fullFocus,928.0,0.0,15.466666666666667,0.0,2024-11-19 12:57:05,2024-11-19 13:12:33,"Adelanté temas importantes para mi, Radar con B",,
"SURA","#Trabajo",partialFocus,3060.0,0.0,51.0,0.0,2024-11-19 11:00:55,2024-11-19 11:51:55,"reu ED 
revisión pasi WPC",,
"SURA","#Trabajo",fullFocus,848.0,0.0,14.133333333333333,0.0,2024-11-19 10:30:18,2024-11-19 10:44:26,"Revisamos clases de bullet points, quedo aprobado.

Queda pendiente variable scorll footer con Eduardo + padding de nav investments pero no es bloqueanto por viewport, acutalmente SE no está en el mercado.",,
"SURA","#Trabajo",fullFocus,927.0,0.0,15.45,0.0,2024-11-19 09:45:55,2024-11-19 10:01:22,"tambíen hice las modificaciones acordadas en el detalle de transacción , quitar duplicidad y mover campos a segunda table",,
"SURA","#Trabajo",fullFocus,606.0,0.0,10.1,0.0,2024-11-19 09:42:57,2024-11-19 09:53:03,"Modifiqué lo acordado ( para Asesor sin carteara) + otros filtros al agregar BTN Buscar, excepto para gerencia, cuyo trigger en filtros debe ser las validaciones al cmabiar de stados en los inputs y autosuggests",,
"SURA","#Trabajo",fullFocus,530.0,0.0,8.833333333333334,0.0,2024-11-18 15:10:28,2024-11-18 15:19:18,"validación ok por parte de Jef.
UI front

pendiente de revisar el componente subida de documento ( componente ) con Edu para su funcionamiento transversal.",,
"SURA","#Trabajo",partialFocus,351.0,0.0,5.85,0.0,2024-11-18 15:00:23,2024-11-18 15:06:14,"correcciones eliecer front, landing cliente no habilitado.",,
"","#Trabajo",partialFocus,1434.0,0.0,23.9,0.0,2024-11-18 13:02:38,2024-11-18 13:26:32,"Finalizaron las actualizaciones de Fiduciara, Fin antes de noviembre ( a solicitud de urgencias)

Los otros citios, están en su proceso final de revisión por parte de Catalina.

Nos quedamos a revisar los comentarios de Grupo SURA con Catalina e llógica.

Se agendó para el lunes la estimación de ILÓGICA RESPECTO de análsis de Catalina, para sus repesctivas implementaciones",,
"SURA","#Trabajo",fullFocus,1530.0,0.0,25.5,0.0,2024-11-18 12:31:22,2024-11-18 12:56:52,"Reu comprobante de transacción - Hector ( Con Rául y Daniella)

Se estableció CA para data pickers -> 60 Días máximo PARA BÚSQUEDA EN BD.
Refinamientpo UI ( table filters - Asesor sin cartera) - se homoloagará estilo a SURA PASS ( boxshadow) en detalle en transacción.",,
"","#Trabajo",partialFocus,2116.0,0.0,35.266666666666666,0.0,2024-11-15 09:35:49,2024-11-15 10:11:05,"Retoque digital foto Pablo",,
"","#Trabajo",partialFocus,1542.0,0.0,25.7,0.0,2024-11-15 09:04:22,2024-11-15 09:30:04,"- Daily Fabrica CL",,
"Log de trabahjo","#Trabajo",partialFocus,1320.0,1583.0,22.0,26.383333333333333,2024-11-14 16:08:11,2024-11-14 16:56:34,"Ayudando a Andrés Gumuzio con encuesta NPS
+ Retoque fotografía digital verticales 2
+ Retoque digital thumbnail",,
"Log de trabahjo","#Trabajo",partialFocus,555.0,0.0,9.25,0.0,2024-11-14 15:49:16,2024-11-14 15:58:31,"Retoque digital , fotos sitio sura investments (ED)",,
"Lecturas","#Personal",fullFocus,763.0,0.0,12.716666666666667,0.0,2024-11-14 15:36:18,2024-11-14 15:49:01,"- Sistematizando lecturas El fin del amor, querer y coger”.",,
"","#Trabajo",partialFocus,1396.0,0.0,23.266666666666666,0.0,2024-11-14 15:05:38,2024-11-14 15:28:54,"- Handoff Landing cliente Cliente bloqueado
- Hand off date picker
- Resolución dudas Jef
-> Queda pendiente por su lado Corrección estilos Card Medios de pago y Con Eduardo revisar variable modal subida de documentos para que quede card subida de documentos.",,
"","#Trabajo",partialFocus,1224.0,0.0,20.4,0.0,2024-11-14 14:06:58,2024-11-14 14:27:22,"Diseñanding Refinamiento WFI 

- Picker fecha",,
"","#Trabajo",partialFocus,1136.0,6182.0,18.933333333333334,103.03333333333333,2024-11-14 12:03:54,2024-11-14 14:05:52,"- Curso de ética",,
"","#Trabajo",endEarly,3025.0,0.0,50.416666666666664,0.0,2024-11-14 11:13:10,2024-11-14 12:03:35,"Curos de talentum

-Autoevaluación teletrabajo
-Gestión y seguridad en el teletrabajo
-Evaluación curso Gestión de Salud y seguridad en el trabajo en teletrabajo",,
"","#Trabajo",partialFocus,1350.0,1852.0,22.5,30.866666666666667,2024-11-14 10:05:54,2024-11-14 10:59:16,"Retoque digital fotos de SURA INVESTMETNS ( ED )",,
"Log de trabahjo","#Trabajo",partialFocus,1529.0,0.0,25.483333333333334,0.0,2024-11-13 21:33:31,2024-11-13 21:59:00,"Se corrigió Filtro (agregando icono a la derecha ) 
Falta agregar interacción picker fecha.",,
